#
# TABLE STRUCTURE FOR: profiles
#

DROP TABLE IF EXISTS `profiles`;

CREATE TABLE `profiles` (
  `user_id` int(10) unsigned NOT NULL,
  `gender` char(1) COLLATE utf8mb4_unicode_ci DEFAULT NULL,
  `avatar` int(10) unsigned DEFAULT 1,
  `first_name` varchar(100) COLLATE utf8mb4_unicode_ci NOT NULL,
  `last_name` varchar(100) COLLATE utf8mb4_unicode_ci NOT NULL,
  `date_of_birth` date DEFAULT NULL,
  `country_id` int(10) unsigned DEFAULT NULL,
  `about_me` varchar(350) COLLATE utf8mb4_unicode_ci NOT NULL,
  `updated_at` timestamp NOT NULL DEFAULT current_timestamp() ON UPDATE current_timestamp(),
  PRIMARY KEY (`user_id`)
) ENGINE=InnoDB DEFAULT CHARSET=utf8mb4 COLLATE=utf8mb4_unicode_ci;

INSERT INTO `profiles` (`user_id`, `gender`, `avatar`, `first_name`, `last_name`, `date_of_birth`, `country_id`, `about_me`, `updated_at`) VALUES (1, 'm', 31, 'Shanel', 'Kilback', '1980-04-24', 61, 'Repellendus ratione maiores ut et. Voluptas eum aliquam eveniet aut libero consequatur. Ea minima ut nisi ipsum dicta. Aut nostrum et ut non sed sit sed.', '1997-12-13 03:17:47');
INSERT INTO `profiles` (`user_id`, `gender`, `avatar`, `first_name`, `last_name`, `date_of_birth`, `country_id`, `about_me`, `updated_at`) VALUES (2, 'm', 34, 'Noemy', 'Brekke', '2016-08-04', 95, 'Aut quam qui officiis et. Non veritatis fugiat dicta sit quasi expedita. Dolor et sunt quia maiores.', '1978-03-14 20:20:54');
INSERT INTO `profiles` (`user_id`, `gender`, `avatar`, `first_name`, `last_name`, `date_of_birth`, `country_id`, `about_me`, `updated_at`) VALUES (3, 'm', 46, 'Ardith', 'McCullough', '1993-12-25', 19, 'Sed ut sapiente repellat excepturi amet culpa ut. Velit molestiae iure et dicta debitis ut repellat sint. Ad qui accusamus aliquam qui ut. Asperiores inventore animi quis et id et.', '1974-07-27 20:13:23');
INSERT INTO `profiles` (`user_id`, `gender`, `avatar`, `first_name`, `last_name`, `date_of_birth`, `country_id`, `about_me`, `updated_at`) VALUES (4, 'f', 32, 'Kayli', 'Toy', '1992-10-14', 54, 'Voluptates omnis sint aut. Quibusdam omnis natus velit sed magni dolorem. Quos a aliquam recusandae laborum aliquid non suscipit et.', '2001-11-12 16:53:30');
INSERT INTO `profiles` (`user_id`, `gender`, `avatar`, `first_name`, `last_name`, `date_of_birth`, `country_id`, `about_me`, `updated_at`) VALUES (5, 'f', 84, 'Emilia', 'Okuneva', '1993-04-21', 52, 'Maxime et consequatur reiciendis quia ex quae. Odit sit eum veniam aliquam ab nisi accusantium. Sequi tempora adipisci provident ad eligendi. Nobis cumque repellendus est sunt officiis.', '1990-06-22 13:21:57');
INSERT INTO `profiles` (`user_id`, `gender`, `avatar`, `first_name`, `last_name`, `date_of_birth`, `country_id`, `about_me`, `updated_at`) VALUES (6, 'm', 77, 'Quinten', 'McKenzie', '1989-05-08', 9, 'Perferendis illum non cumque distinctio veniam aperiam sunt ea. Iusto laborum qui velit sed natus. Consequatur aut sunt animi. Minima praesentium maiores doloribus perspiciatis accusamus.', '2009-07-20 20:45:24');
INSERT INTO `profiles` (`user_id`, `gender`, `avatar`, `first_name`, `last_name`, `date_of_birth`, `country_id`, `about_me`, `updated_at`) VALUES (7, 'm', 78, 'Sid', 'Kreiger', '1979-01-10', 36, 'Adipisci molestiae tenetur alias incidunt. Porro quis unde quos enim ab. Rerum sint distinctio autem cumque.', '1997-01-22 18:51:30');
INSERT INTO `profiles` (`user_id`, `gender`, `avatar`, `first_name`, `last_name`, `date_of_birth`, `country_id`, `about_me`, `updated_at`) VALUES (8, 'f', 76, 'Camryn', 'Gottlieb', '1973-07-05', 26, 'Et quos ab voluptas. Unde sunt aliquam earum commodi exercitationem sed. Beatae tempora vel rem sed. Quasi aut ullam quis et quia cum.', '1975-08-25 11:48:07');
INSERT INTO `profiles` (`user_id`, `gender`, `avatar`, `first_name`, `last_name`, `date_of_birth`, `country_id`, `about_me`, `updated_at`) VALUES (9, 'f', 82, 'Catharine', 'Abshire', '2006-11-04', 74, 'Ut doloremque et consectetur perferendis. Rerum a sit ea non aut. Aut tempore qui assumenda dolores voluptatum corrupti exercitationem. Et dolores consequatur atque architecto.', '1971-11-09 10:44:59');
INSERT INTO `profiles` (`user_id`, `gender`, `avatar`, `first_name`, `last_name`, `date_of_birth`, `country_id`, `about_me`, `updated_at`) VALUES (10, 'm', 31, 'Renee', 'Konopelski', '1984-02-28', 63, 'Nisi nam dolores qui incidunt consequatur. Deleniti rem vitae maxime qui dolores. Soluta voluptates cumque odit est et. Qui quia nemo in repudiandae pariatur iusto voluptas.', '2016-09-10 13:07:27');
INSERT INTO `profiles` (`user_id`, `gender`, `avatar`, `first_name`, `last_name`, `date_of_birth`, `country_id`, `about_me`, `updated_at`) VALUES (11, 'f', 33, 'Vernon', 'Koch', '1994-06-10', 34, 'Nostrum unde quaerat itaque est sit. Aliquam voluptatibus tenetur consequatur error. Quia et nihil et rerum ipsa ea.', '2012-01-11 10:43:54');
INSERT INTO `profiles` (`user_id`, `gender`, `avatar`, `first_name`, `last_name`, `date_of_birth`, `country_id`, `about_me`, `updated_at`) VALUES (12, 'm', 5, 'Coty', 'Metz', '2015-11-05', 25, 'Ipsum earum ipsum repellat consequatur impedit atque. Qui deleniti laboriosam quo quia. Suscipit voluptatem et architecto cupiditate cupiditate. Saepe atque tempore commodi fuga quia maiores sed.', '1991-01-09 12:10:08');
INSERT INTO `profiles` (`user_id`, `gender`, `avatar`, `first_name`, `last_name`, `date_of_birth`, `country_id`, `about_me`, `updated_at`) VALUES (13, 'm', 7, 'Ethan', 'Gerlach', '1986-11-11', 51, 'Ducimus consequatur officia animi voluptatem quia ea repellat. Vitae et molestiae veniam.', '1972-06-28 19:33:59');
INSERT INTO `profiles` (`user_id`, `gender`, `avatar`, `first_name`, `last_name`, `date_of_birth`, `country_id`, `about_me`, `updated_at`) VALUES (14, 'm', 12, 'Belle', 'Zboncak', '1975-09-21', 45, 'Nesciunt natus quaerat nesciunt. Non dolorem quibusdam consectetur omnis sunt cumque eveniet. Dolorum sunt ut molestias quae ratione tenetur et id.', '1974-12-19 07:08:58');
INSERT INTO `profiles` (`user_id`, `gender`, `avatar`, `first_name`, `last_name`, `date_of_birth`, `country_id`, `about_me`, `updated_at`) VALUES (15, 'm', 85, 'Taryn', 'Cronin', '1999-04-01', 66, 'Non dolorum aut aliquam dolore possimus. Non sit reiciendis esse et.\nPorro harum rerum dolorum. Quae hic dolor eum cumque. Et et et consequatur.', '1986-06-06 12:33:21');
INSERT INTO `profiles` (`user_id`, `gender`, `avatar`, `first_name`, `last_name`, `date_of_birth`, `country_id`, `about_me`, `updated_at`) VALUES (16, 'f', 42, 'Juvenal', 'Mosciski', '2020-10-14', 1, 'Et ea vero minus reprehenderit est animi possimus. Unde repellendus id eligendi.', '1977-01-24 05:44:35');
INSERT INTO `profiles` (`user_id`, `gender`, `avatar`, `first_name`, `last_name`, `date_of_birth`, `country_id`, `about_me`, `updated_at`) VALUES (17, 'm', 51, 'Noelia', 'Goyette', '1987-09-18', 44, 'Aut officiis ut et odio est eos. Voluptate quaerat dolorem et sed. Quia hic eveniet ratione. Voluptatem in sint accusamus maxime aliquam. Earum maxime ut natus.', '1988-12-26 18:07:54');
INSERT INTO `profiles` (`user_id`, `gender`, `avatar`, `first_name`, `last_name`, `date_of_birth`, `country_id`, `about_me`, `updated_at`) VALUES (18, 'f', 21, 'Chanelle', 'Rohan', '1983-02-28', 6, 'Mollitia deserunt modi perspiciatis sint ut sed nisi. Voluptatibus maiores dolore aut corrupti modi sit. Velit dolorem sunt assumenda eum facilis nam. Ducimus fugit illo tempora et cum et aut.', '2006-06-29 16:17:05');
INSERT INTO `profiles` (`user_id`, `gender`, `avatar`, `first_name`, `last_name`, `date_of_birth`, `country_id`, `about_me`, `updated_at`) VALUES (19, 'f', 12, 'Tierra', 'Bins', '1989-04-08', 18, 'Vel accusantium illum amet nobis in aut quos. Necessitatibus doloribus quibusdam quod aut optio libero quia debitis. Nulla quidem maxime quasi mollitia.', '2020-07-14 07:21:44');
INSERT INTO `profiles` (`user_id`, `gender`, `avatar`, `first_name`, `last_name`, `date_of_birth`, `country_id`, `about_me`, `updated_at`) VALUES (20, 'm', 59, 'Gia', 'Nitzsche', '1994-05-09', 37, 'Assumenda commodi non cum quasi aut illum aliquam culpa. Dolor provident doloremque reiciendis optio rerum suscipit. Occaecati voluptatem eos rem soluta consectetur.', '2015-07-17 23:46:31');
INSERT INTO `profiles` (`user_id`, `gender`, `avatar`, `first_name`, `last_name`, `date_of_birth`, `country_id`, `about_me`, `updated_at`) VALUES (21, 'm', 11, 'Ubaldo', 'Schimmel', '2005-02-15', 48, 'Cupiditate doloribus cum quidem non. Eos velit occaecati provident. Perferendis unde voluptatem quod voluptatibus sint ut. Aliquid cupiditate sint consequatur hic debitis.', '1991-01-10 19:29:42');
INSERT INTO `profiles` (`user_id`, `gender`, `avatar`, `first_name`, `last_name`, `date_of_birth`, `country_id`, `about_me`, `updated_at`) VALUES (22, 'f', 38, 'Myrtle', 'Predovic', '1990-06-04', 63, 'Omnis ut sapiente sint voluptatem. Molestiae nisi totam similique sint iste delectus voluptas. Eveniet dolores maiores ut est dolorem sed.', '1999-07-22 14:18:59');
INSERT INTO `profiles` (`user_id`, `gender`, `avatar`, `first_name`, `last_name`, `date_of_birth`, `country_id`, `about_me`, `updated_at`) VALUES (23, 'f', 85, 'Jace', 'Hand', '1977-06-05', 34, 'Minima ut saepe eveniet aut. Delectus voluptas quo maxime sit quidem. Nam et cum dolores sit.', '1989-12-30 10:39:44');
INSERT INTO `profiles` (`user_id`, `gender`, `avatar`, `first_name`, `last_name`, `date_of_birth`, `country_id`, `about_me`, `updated_at`) VALUES (24, 'f', 43, 'Lucius', 'Schuster', '1976-02-17', 14, 'Velit numquam similique enim qui temporibus qui in enim. Officiis est molestiae quo vel est ut occaecati. Sit molestiae repellendus dolores in voluptates aut esse.', '1977-05-31 02:18:26');
INSERT INTO `profiles` (`user_id`, `gender`, `avatar`, `first_name`, `last_name`, `date_of_birth`, `country_id`, `about_me`, `updated_at`) VALUES (25, 'f', 89, 'Gennaro', 'Schulist', '1970-03-03', 36, 'Maxime libero pariatur illum quia. Voluptatibus nulla velit eos ab et voluptas qui.\nSunt est sed hic et in. Odit debitis ut rerum. Sit unde aspernatur nisi minima atque nobis et.', '2018-08-30 11:54:08');
INSERT INTO `profiles` (`user_id`, `gender`, `avatar`, `first_name`, `last_name`, `date_of_birth`, `country_id`, `about_me`, `updated_at`) VALUES (26, 'f', 57, 'Anahi', 'Crooks', '1984-06-28', 18, 'Mollitia eligendi atque cupiditate a inventore. Facere eos facilis quisquam magni vel autem harum. Quos omnis harum qui ea. Aut earum hic cum ipsam et.', '2008-01-04 09:45:56');
INSERT INTO `profiles` (`user_id`, `gender`, `avatar`, `first_name`, `last_name`, `date_of_birth`, `country_id`, `about_me`, `updated_at`) VALUES (27, 'm', 65, 'Kiara', 'Rath', '2014-07-15', 33, 'Ducimus et sunt aliquam est expedita recusandae. Saepe quia possimus enim saepe consectetur. Ex quidem non occaecati cumque fugit minima ea.', '2013-03-20 18:39:22');
INSERT INTO `profiles` (`user_id`, `gender`, `avatar`, `first_name`, `last_name`, `date_of_birth`, `country_id`, `about_me`, `updated_at`) VALUES (28, 'm', 84, 'Maryam', 'Russel', '2019-04-15', 50, 'Nihil hic nemo et laboriosam omnis vitae. Ad repudiandae porro et repellat qui maxime quidem facilis.', '1970-09-11 21:42:18');
INSERT INTO `profiles` (`user_id`, `gender`, `avatar`, `first_name`, `last_name`, `date_of_birth`, `country_id`, `about_me`, `updated_at`) VALUES (29, 'f', 100, 'Allie', 'Rippin', '1976-07-05', 58, 'Saepe dolores et et est voluptatem exercitationem at. Sed provident quo corporis ut commodi velit. Qui commodi totam debitis facere. Assumenda ipsa eum reprehenderit saepe eum ut sit totam.', '1978-07-08 05:48:42');
INSERT INTO `profiles` (`user_id`, `gender`, `avatar`, `first_name`, `last_name`, `date_of_birth`, `country_id`, `about_me`, `updated_at`) VALUES (30, 'f', 45, 'Nedra', 'Wilderman', '2008-09-09', 2, 'Est nam voluptatem ex eaque tenetur. Debitis consequatur voluptatem architecto delectus quia expedita ut. Fugit cumque aliquam vero eos maiores qui aut.', '2009-11-23 21:15:59');
INSERT INTO `profiles` (`user_id`, `gender`, `avatar`, `first_name`, `last_name`, `date_of_birth`, `country_id`, `about_me`, `updated_at`) VALUES (31, 'f', 27, 'Oswaldo', 'Runte', '2009-04-24', 6, 'Ab et voluptatem numquam fugiat. Et enim voluptate nostrum sed magni eligendi. Quis similique molestias vel. Aperiam tempore expedita neque veritatis doloribus.', '1986-09-26 17:09:17');
INSERT INTO `profiles` (`user_id`, `gender`, `avatar`, `first_name`, `last_name`, `date_of_birth`, `country_id`, `about_me`, `updated_at`) VALUES (32, 'm', 50, 'Leatha', 'Zieme', '1993-01-29', 30, 'Quasi recusandae voluptatibus minima ad modi ipsa commodi. Vel vel magni dolore vel.\nRatione temporibus eaque recusandae aut quis corporis aut rerum. Veritatis id velit voluptatum reiciendis velit.', '1987-05-29 23:57:03');
INSERT INTO `profiles` (`user_id`, `gender`, `avatar`, `first_name`, `last_name`, `date_of_birth`, `country_id`, `about_me`, `updated_at`) VALUES (33, 'm', 43, 'Claire', 'Pfannerstill', '2004-05-01', 88, 'Mollitia quasi veniam et voluptate. Minima ut totam velit et. Delectus praesentium debitis enim distinctio sit consequatur. Qui accusamus qui dolorum rerum reprehenderit aut.', '1975-04-05 21:38:12');
INSERT INTO `profiles` (`user_id`, `gender`, `avatar`, `first_name`, `last_name`, `date_of_birth`, `country_id`, `about_me`, `updated_at`) VALUES (34, 'f', 11, 'Tavares', 'Trantow', '2010-10-25', 46, 'Occaecati ad ut tempore possimus commodi labore. Voluptas nesciunt officiis maiores expedita dolor omnis. Impedit non sit nobis consequuntur doloribus ducimus atque.', '1989-08-03 23:04:53');
INSERT INTO `profiles` (`user_id`, `gender`, `avatar`, `first_name`, `last_name`, `date_of_birth`, `country_id`, `about_me`, `updated_at`) VALUES (35, 'f', 78, 'Roma', 'Graham', '1973-10-08', 76, 'Culpa enim qui consequatur inventore. Possimus ut ipsa praesentium alias neque aut dignissimos. Magni ut sapiente voluptatem enim sed rerum.', '1975-03-30 20:34:55');
INSERT INTO `profiles` (`user_id`, `gender`, `avatar`, `first_name`, `last_name`, `date_of_birth`, `country_id`, `about_me`, `updated_at`) VALUES (36, 'm', 45, 'Rebecca', 'Schoen', '1980-01-21', 6, 'Molestiae magnam amet facilis dignissimos rerum tempore illum. Id fugit cumque necessitatibus ab in. Deleniti eos culpa quas tempora occaecati quia. Nihil fugiat pariatur nesciunt.', '1996-12-13 17:55:24');
INSERT INTO `profiles` (`user_id`, `gender`, `avatar`, `first_name`, `last_name`, `date_of_birth`, `country_id`, `about_me`, `updated_at`) VALUES (37, 'f', 96, 'Eden', 'Connelly', '2015-02-15', 46, 'Dolorum ut et similique. Repellat unde autem sit laudantium. Laudantium vel quod aut molestias. Deserunt nesciunt quas dolores vitae deleniti.', '2010-01-24 20:05:37');
INSERT INTO `profiles` (`user_id`, `gender`, `avatar`, `first_name`, `last_name`, `date_of_birth`, `country_id`, `about_me`, `updated_at`) VALUES (38, 'm', 12, 'Haleigh', 'Stiedemann', '1999-03-03', 19, 'Eos non quam et. Maiores nihil quam quia veniam nesciunt voluptates. Aspernatur ea tempora mollitia maiores modi dolores non aperiam. Mollitia non perspiciatis incidunt assumenda.', '2014-05-06 14:38:17');
INSERT INTO `profiles` (`user_id`, `gender`, `avatar`, `first_name`, `last_name`, `date_of_birth`, `country_id`, `about_me`, `updated_at`) VALUES (39, 'm', 46, 'Maeve', 'Kihn', '1980-01-18', 69, 'Minus voluptatum aliquam ipsum ipsa. Culpa ratione cumque ex sit ut. Voluptate corporis non expedita.', '2015-01-04 13:22:07');
INSERT INTO `profiles` (`user_id`, `gender`, `avatar`, `first_name`, `last_name`, `date_of_birth`, `country_id`, `about_me`, `updated_at`) VALUES (40, 'm', 88, 'Kaylee', 'Block', '2009-07-23', 65, 'Omnis harum qui voluptatibus quisquam aut cum. Omnis accusamus iusto eum alias ab illo. Ea sint est necessitatibus debitis id omnis quo.', '2005-06-21 19:07:10');
INSERT INTO `profiles` (`user_id`, `gender`, `avatar`, `first_name`, `last_name`, `date_of_birth`, `country_id`, `about_me`, `updated_at`) VALUES (41, 'm', 43, 'Makayla', 'Gaylord', '1990-12-28', 11, 'Repudiandae porro doloribus tempora maiores qui animi alias. Numquam eius maiores voluptas id voluptatem. Debitis quis officiis ratione beatae officiis asperiores. Velit soluta maiores ex magni.', '1980-02-24 22:46:16');
INSERT INTO `profiles` (`user_id`, `gender`, `avatar`, `first_name`, `last_name`, `date_of_birth`, `country_id`, `about_me`, `updated_at`) VALUES (42, 'm', 6, 'Orrin', 'Conroy', '1970-08-27', 47, 'Vel est eum qui non autem rerum aut. Nostrum quia tempora consequatur provident impedit delectus id officiis. Nostrum minima sit ipsa molestias id aliquam.', '2008-07-25 15:41:50');
INSERT INTO `profiles` (`user_id`, `gender`, `avatar`, `first_name`, `last_name`, `date_of_birth`, `country_id`, `about_me`, `updated_at`) VALUES (43, 'm', 46, 'Hunter', 'Windler', '1971-01-12', 43, 'Quidem fugiat et dolorem harum dignissimos in sed. Sit officiis enim et vero quia.', '1975-12-27 08:01:05');
INSERT INTO `profiles` (`user_id`, `gender`, `avatar`, `first_name`, `last_name`, `date_of_birth`, `country_id`, `about_me`, `updated_at`) VALUES (44, 'm', 70, 'Kole', 'Schamberger', '1991-06-26', 68, 'Ut ipsa earum dolorem aliquam delectus sint magnam molestias. Eum facilis excepturi tempore pariatur recusandae nostrum. Quidem ut ex quia magnam quasi corrupti veritatis. Sit et et aut quo.', '1981-04-14 13:09:36');
INSERT INTO `profiles` (`user_id`, `gender`, `avatar`, `first_name`, `last_name`, `date_of_birth`, `country_id`, `about_me`, `updated_at`) VALUES (45, 'm', 60, 'Vita', 'Kulas', '2007-01-21', 83, 'Ut voluptatum unde facere alias eius minima corrupti. Distinctio eos expedita et ex adipisci. Minima aliquam accusantium impedit et dignissimos.', '1983-09-21 23:22:29');
INSERT INTO `profiles` (`user_id`, `gender`, `avatar`, `first_name`, `last_name`, `date_of_birth`, `country_id`, `about_me`, `updated_at`) VALUES (46, 'm', 60, 'Kayleigh', 'Gusikowski', '2016-06-03', 90, 'Ipsa est voluptatum ab velit sed nihil sint. Nam soluta adipisci reiciendis et. Ut repellat autem dolore qui eum eius aut. Aut ex alias eum quia.', '1973-02-23 19:14:46');
INSERT INTO `profiles` (`user_id`, `gender`, `avatar`, `first_name`, `last_name`, `date_of_birth`, `country_id`, `about_me`, `updated_at`) VALUES (47, 'm', 79, 'Arturo', 'Bogisich', '1984-10-05', 5, 'Quia esse est occaecati. Quaerat et nam iste sed. Nemo quidem illum non occaecati quia.\nOdio dolorum vero hic. Et omnis sunt quia id sed minima. In sit perferendis laboriosam totam omnis.', '2010-10-14 14:09:17');
INSERT INTO `profiles` (`user_id`, `gender`, `avatar`, `first_name`, `last_name`, `date_of_birth`, `country_id`, `about_me`, `updated_at`) VALUES (48, 'm', 17, 'Rodger', 'Boyer', '2006-02-14', 53, 'Provident cum eligendi odio cum quas et et. Expedita consequatur perferendis recusandae. Iure dolore consequuntur iusto quibusdam fugiat.', '1972-02-26 02:05:02');
INSERT INTO `profiles` (`user_id`, `gender`, `avatar`, `first_name`, `last_name`, `date_of_birth`, `country_id`, `about_me`, `updated_at`) VALUES (49, 'm', 38, 'Khalil', 'Jacobs', '1999-10-30', 88, 'Repellendus rerum placeat tempore dignissimos. Accusantium voluptas et deleniti similique asperiores iste numquam. Amet odio aut sint repellendus sunt quia.', '2003-04-04 06:38:40');
INSERT INTO `profiles` (`user_id`, `gender`, `avatar`, `first_name`, `last_name`, `date_of_birth`, `country_id`, `about_me`, `updated_at`) VALUES (50, 'm', 64, 'Gillian', 'Armstrong', '2013-12-24', 39, 'Voluptatem fuga dolores omnis amet sed suscipit harum. Ipsa minus id atque. Incidunt a tempora quos quidem et dolores dolorum velit.', '2002-09-10 17:07:06');
INSERT INTO `profiles` (`user_id`, `gender`, `avatar`, `first_name`, `last_name`, `date_of_birth`, `country_id`, `about_me`, `updated_at`) VALUES (51, 'f', 15, 'Kobe', 'McClure', '2010-06-05', 7, 'Ipsa aut eveniet quidem mollitia. Dolorem nobis autem est asperiores rerum in officia. Repellat sapiente molestiae autem est veniam. Harum facere et consectetur et a.', '2006-06-29 12:00:50');
INSERT INTO `profiles` (`user_id`, `gender`, `avatar`, `first_name`, `last_name`, `date_of_birth`, `country_id`, `about_me`, `updated_at`) VALUES (52, 'm', 47, 'Jaylan', 'Zulauf', '1992-06-05', 91, 'Adipisci aspernatur id aperiam in et. Recusandae veritatis quod ullam. Eligendi assumenda pariatur rerum aperiam optio rem. Velit tenetur saepe suscipit ut possimus et.', '2011-05-11 13:41:44');
INSERT INTO `profiles` (`user_id`, `gender`, `avatar`, `first_name`, `last_name`, `date_of_birth`, `country_id`, `about_me`, `updated_at`) VALUES (53, 'm', 25, 'Candelario', 'Zboncak', '2019-09-16', 88, 'Rerum est natus voluptatum ipsa vero hic. Quo minima nostrum veniam modi. Eum praesentium similique quasi saepe. Et voluptate magni culpa similique eaque sint officiis.', '1997-02-18 16:26:43');
INSERT INTO `profiles` (`user_id`, `gender`, `avatar`, `first_name`, `last_name`, `date_of_birth`, `country_id`, `about_me`, `updated_at`) VALUES (54, 'f', 10, 'Art', 'Wuckert', '1979-10-03', 87, 'Velit officiis est et mollitia. Atque nihil eos doloribus. Qui perspiciatis et sit possimus amet. Harum qui est accusantium laborum inventore tempora.', '1987-12-19 12:13:16');
INSERT INTO `profiles` (`user_id`, `gender`, `avatar`, `first_name`, `last_name`, `date_of_birth`, `country_id`, `about_me`, `updated_at`) VALUES (55, 'f', 34, 'Roger', 'Tillman', '1980-02-27', 16, 'Atque dicta sequi saepe expedita aliquam. Dolor harum ad quae animi et. Saepe doloribus cumque non. Id voluptatem sapiente aut impedit animi aut nisi.', '1995-01-30 10:15:31');
INSERT INTO `profiles` (`user_id`, `gender`, `avatar`, `first_name`, `last_name`, `date_of_birth`, `country_id`, `about_me`, `updated_at`) VALUES (56, 'm', 43, 'Marguerite', 'Kuvalis', '2010-10-16', 69, 'Enim autem modi ad et. Excepturi est libero aut doloribus aspernatur. Modi quo recusandae est repellat exercitationem beatae. Est libero illo sunt soluta repudiandae velit.', '2001-09-01 22:07:56');
INSERT INTO `profiles` (`user_id`, `gender`, `avatar`, `first_name`, `last_name`, `date_of_birth`, `country_id`, `about_me`, `updated_at`) VALUES (57, 'f', 74, 'Bertram', 'Schulist', '2009-06-16', 13, 'Sunt id dolorem in voluptatum cum laboriosam. Iusto velit qui architecto rerum excepturi. Est ad ipsam nihil. Rerum at facilis omnis excepturi doloribus porro.', '1995-07-23 10:31:21');
INSERT INTO `profiles` (`user_id`, `gender`, `avatar`, `first_name`, `last_name`, `date_of_birth`, `country_id`, `about_me`, `updated_at`) VALUES (58, 'm', 74, 'Natalia', 'Rolfson', '1986-04-24', 41, 'Dolorem voluptas explicabo libero natus enim ut. Tempore facere nesciunt commodi quam aut aspernatur. Exercitationem similique aut ut eos.', '1990-03-04 10:56:29');
INSERT INTO `profiles` (`user_id`, `gender`, `avatar`, `first_name`, `last_name`, `date_of_birth`, `country_id`, `about_me`, `updated_at`) VALUES (59, 'f', 1, 'Lyric', 'Kohler', '2019-01-08', 34, 'Et laboriosam quis et mollitia. Ut nihil rerum voluptatem cumque incidunt. Aut vero nam repellat rerum modi delectus. Et ut est non voluptatem temporibus veritatis laborum tempora.', '1972-05-23 04:22:27');
INSERT INTO `profiles` (`user_id`, `gender`, `avatar`, `first_name`, `last_name`, `date_of_birth`, `country_id`, `about_me`, `updated_at`) VALUES (60, 'f', 44, 'Lucio', 'Willms', '2020-10-06', 78, 'Sequi nesciunt facere doloremque praesentium et. Repudiandae in atque rem ipsam amet veniam perspiciatis. Ea quae atque cupiditate ut. Qui sint modi voluptas.', '1994-08-03 12:06:52');
INSERT INTO `profiles` (`user_id`, `gender`, `avatar`, `first_name`, `last_name`, `date_of_birth`, `country_id`, `about_me`, `updated_at`) VALUES (61, 'm', 82, 'Rigoberto', 'Deckow', '2012-04-16', 64, 'Eum optio ex sapiente est reprehenderit quam. Aliquid nulla error sint dolores iste reiciendis alias explicabo. Perspiciatis iste hic sunt et ut.', '2016-05-22 10:53:19');
INSERT INTO `profiles` (`user_id`, `gender`, `avatar`, `first_name`, `last_name`, `date_of_birth`, `country_id`, `about_me`, `updated_at`) VALUES (62, 'm', 76, 'Javier', 'Shanahan', '1975-08-28', 7, 'Et voluptate placeat molestiae deleniti. Qui sit eum voluptatem eos.', '1971-03-28 17:28:54');
INSERT INTO `profiles` (`user_id`, `gender`, `avatar`, `first_name`, `last_name`, `date_of_birth`, `country_id`, `about_me`, `updated_at`) VALUES (63, 'm', 4, 'Alexandre', 'Smith', '2014-07-14', 82, 'Reprehenderit sit quis dolorem. Reiciendis inventore quia cumque quisquam aut. Soluta veritatis nam nemo mollitia. Nisi rerum est omnis alias ut.', '2006-07-22 06:31:15');
INSERT INTO `profiles` (`user_id`, `gender`, `avatar`, `first_name`, `last_name`, `date_of_birth`, `country_id`, `about_me`, `updated_at`) VALUES (64, 'f', 4, 'Ferne', 'Gutkowski', '1977-03-27', 43, 'Laborum nobis et adipisci illo dicta dolore. Cupiditate quam repellat ut blanditiis ad qui. Corporis rem alias inventore voluptas cupiditate.', '1987-01-23 09:32:07');
INSERT INTO `profiles` (`user_id`, `gender`, `avatar`, `first_name`, `last_name`, `date_of_birth`, `country_id`, `about_me`, `updated_at`) VALUES (65, 'f', 10, 'Reinhold', 'Batz', '1975-01-12', 39, 'Ut et molestiae in optio. Eum maiores debitis consequatur omnis. Quasi sapiente aut quis neque ea ut eum.\nAut et impedit aut fuga et. Minus nulla voluptatem aut cupiditate voluptates.', '2011-06-08 01:19:10');
INSERT INTO `profiles` (`user_id`, `gender`, `avatar`, `first_name`, `last_name`, `date_of_birth`, `country_id`, `about_me`, `updated_at`) VALUES (66, 'm', 88, 'Vladimir', 'Altenwerth', '1991-08-30', 18, 'Vero nihil ea veritatis voluptas mollitia. Cumque cupiditate odio veritatis et est eum est. Neque corrupti ratione distinctio excepturi. Vero ut doloremque aperiam tenetur est.', '2018-02-23 18:55:25');
INSERT INTO `profiles` (`user_id`, `gender`, `avatar`, `first_name`, `last_name`, `date_of_birth`, `country_id`, `about_me`, `updated_at`) VALUES (67, 'm', 55, 'Shanna', 'Nolan', '2010-03-01', 1, 'Fugiat asperiores fugit nihil ea quaerat. Cupiditate molestias quo eum minus. Ipsa at saepe fugiat quasi quis omnis.', '2003-12-13 06:43:11');
INSERT INTO `profiles` (`user_id`, `gender`, `avatar`, `first_name`, `last_name`, `date_of_birth`, `country_id`, `about_me`, `updated_at`) VALUES (68, 'm', 76, 'Lew', 'Lynch', '2003-10-31', 82, 'Est fugit et possimus distinctio doloremque et. Vel provident consequatur esse et suscipit voluptatum. Magni eligendi quia velit ducimus et sunt et. Esse non quia voluptatem ea cumque error dolorum.', '2003-04-18 01:24:36');
INSERT INTO `profiles` (`user_id`, `gender`, `avatar`, `first_name`, `last_name`, `date_of_birth`, `country_id`, `about_me`, `updated_at`) VALUES (69, 'f', 58, 'Anibal', 'Flatley', '1999-04-19', 18, 'Nam consequatur nemo commodi nesciunt. Doloribus eius dolorem sit porro nostrum voluptas. Ab eum fuga facere aliquam nam labore et.', '1973-08-17 18:44:52');
INSERT INTO `profiles` (`user_id`, `gender`, `avatar`, `first_name`, `last_name`, `date_of_birth`, `country_id`, `about_me`, `updated_at`) VALUES (70, 'm', 96, 'Allison', 'Friesen', '1989-05-25', 91, 'Molestiae eius aut facere a magni magnam architecto. Beatae eaque et quidem numquam. Quia dolores voluptas qui totam.', '1986-06-23 17:57:19');
INSERT INTO `profiles` (`user_id`, `gender`, `avatar`, `first_name`, `last_name`, `date_of_birth`, `country_id`, `about_me`, `updated_at`) VALUES (71, 'f', 44, 'Samara', 'Ruecker', '2006-06-20', 25, 'Molestiae quia quia natus. Facere voluptas quia velit eum. Magnam molestiae et autem excepturi optio non laudantium. Ullam est quo totam harum.', '2013-07-22 16:20:26');
INSERT INTO `profiles` (`user_id`, `gender`, `avatar`, `first_name`, `last_name`, `date_of_birth`, `country_id`, `about_me`, `updated_at`) VALUES (72, 'f', 16, 'Sydnee', 'Koepp', '2002-10-26', 66, 'Praesentium vel provident placeat eveniet ad deserunt. Nihil perferendis et sit est rerum voluptatem. Alias esse pariatur tempora quae et. Ea ipsa et voluptas omnis voluptatem.', '1992-01-29 03:43:46');
INSERT INTO `profiles` (`user_id`, `gender`, `avatar`, `first_name`, `last_name`, `date_of_birth`, `country_id`, `about_me`, `updated_at`) VALUES (73, 'm', 13, 'Treva', 'Osinski', '1994-10-24', 20, 'Modi natus quidem dicta facilis totam maxime. Rem quo nisi exercitationem iusto et incidunt. Nulla delectus et asperiores vel inventore illo doloremque.', '1992-02-08 02:40:03');
INSERT INTO `profiles` (`user_id`, `gender`, `avatar`, `first_name`, `last_name`, `date_of_birth`, `country_id`, `about_me`, `updated_at`) VALUES (74, 'm', 87, 'Marilie', 'Hettinger', '2017-09-29', 81, 'Sit explicabo cum nam porro blanditiis. Explicabo et pariatur eos natus excepturi ut. Nihil nihil voluptatibus id. Distinctio autem maxime nesciunt ratione fugiat in.', '2014-04-10 06:27:38');
INSERT INTO `profiles` (`user_id`, `gender`, `avatar`, `first_name`, `last_name`, `date_of_birth`, `country_id`, `about_me`, `updated_at`) VALUES (75, 'f', 28, 'Jakayla', 'Runolfsson', '1989-04-24', 99, 'Ullam tenetur velit quis dolorem iste. Quaerat deserunt suscipit dolorem in omnis similique ducimus. Occaecati in et minus sit nulla provident libero.', '2004-12-14 09:36:59');
INSERT INTO `profiles` (`user_id`, `gender`, `avatar`, `first_name`, `last_name`, `date_of_birth`, `country_id`, `about_me`, `updated_at`) VALUES (76, 'f', 28, 'Freddy', 'Ullrich', '2003-04-29', 56, 'Eveniet minus porro aut iure. Natus atque necessitatibus vel voluptas qui cumque et. Quis voluptatibus qui quos id animi blanditiis hic tempore.', '1983-03-09 08:26:31');
INSERT INTO `profiles` (`user_id`, `gender`, `avatar`, `first_name`, `last_name`, `date_of_birth`, `country_id`, `about_me`, `updated_at`) VALUES (77, 'm', 64, 'Violette', 'Rutherford', '1987-03-15', 70, 'Neque fuga possimus beatae ipsam consectetur maxime. Laudantium dolor vitae aut nisi veritatis. Et voluptas est consequatur explicabo accusantium ut iusto sed.', '1989-10-28 09:38:08');
INSERT INTO `profiles` (`user_id`, `gender`, `avatar`, `first_name`, `last_name`, `date_of_birth`, `country_id`, `about_me`, `updated_at`) VALUES (78, 'f', 98, 'Malvina', 'Wisozk', '1976-01-18', 16, 'Temporibus sed suscipit modi quaerat. Assumenda modi ducimus aliquid perferendis atque esse reprehenderit. Quis omnis aliquam consequatur ut eum assumenda iure.', '2010-04-25 12:08:24');
INSERT INTO `profiles` (`user_id`, `gender`, `avatar`, `first_name`, `last_name`, `date_of_birth`, `country_id`, `about_me`, `updated_at`) VALUES (79, 'f', 16, 'Judge', 'Rolfson', '2011-02-19', 88, 'Aliquid autem sunt error facilis labore. Accusamus est voluptates animi sunt facere. In quisquam repellendus voluptatem aut. Ab quas asperiores vitae cumque est enim magni.', '2004-05-27 08:19:35');
INSERT INTO `profiles` (`user_id`, `gender`, `avatar`, `first_name`, `last_name`, `date_of_birth`, `country_id`, `about_me`, `updated_at`) VALUES (80, 'f', 85, 'Sedrick', 'Miller', '2016-11-11', 25, 'Numquam est possimus consequatur libero. Magnam inventore consequatur rerum laborum quia officiis aut. Vel doloremque consequatur vel vitae eaque.', '1977-08-03 05:33:43');
INSERT INTO `profiles` (`user_id`, `gender`, `avatar`, `first_name`, `last_name`, `date_of_birth`, `country_id`, `about_me`, `updated_at`) VALUES (81, 'm', 35, 'Delia', 'Green', '1997-09-19', 13, 'Veniam quo sequi voluptatem. Recusandae non est distinctio est corrupti voluptatem in perspiciatis. Qui iste non saepe quia placeat deserunt.', '1980-09-24 20:15:55');
INSERT INTO `profiles` (`user_id`, `gender`, `avatar`, `first_name`, `last_name`, `date_of_birth`, `country_id`, `about_me`, `updated_at`) VALUES (82, 'm', 24, 'Chloe', 'Schuppe', '1972-03-25', 94, 'Ea dicta qui debitis dolor temporibus. Veritatis maxime tenetur dolorem sed aut quam. Excepturi ut libero error occaecati aut dolore accusantium.', '2004-04-18 19:56:56');
INSERT INTO `profiles` (`user_id`, `gender`, `avatar`, `first_name`, `last_name`, `date_of_birth`, `country_id`, `about_me`, `updated_at`) VALUES (83, 'f', 44, 'Horacio', 'Yundt', '1996-05-06', 96, 'Soluta praesentium ipsa eaque rerum qui aut. Quidem aperiam sapiente fuga ducimus placeat quia tempore repellat. Exercitationem laborum dolores repellat delectus ipsam.', '1973-04-13 20:23:55');
INSERT INTO `profiles` (`user_id`, `gender`, `avatar`, `first_name`, `last_name`, `date_of_birth`, `country_id`, `about_me`, `updated_at`) VALUES (84, 'm', 47, 'Mariah', 'Bergnaum', '1980-02-13', 55, 'Eos pariatur reiciendis sunt consectetur. Laborum molestias harum veritatis fugiat rerum aliquam. Explicabo voluptas numquam repellendus alias doloribus doloremque repudiandae.', '1971-10-22 15:39:42');
INSERT INTO `profiles` (`user_id`, `gender`, `avatar`, `first_name`, `last_name`, `date_of_birth`, `country_id`, `about_me`, `updated_at`) VALUES (85, 'f', 50, 'Evert', 'Durgan', '1978-05-11', 55, 'Excepturi vero deleniti consequatur at unde excepturi. Neque et dolorem perspiciatis. Labore reiciendis voluptatem facilis sapiente ut iusto voluptatem.', '2012-12-19 11:01:23');
INSERT INTO `profiles` (`user_id`, `gender`, `avatar`, `first_name`, `last_name`, `date_of_birth`, `country_id`, `about_me`, `updated_at`) VALUES (86, 'm', 28, 'Mitchel', 'Smith', '2002-12-31', 60, 'Ut dolores et dolorem dolores. Itaque qui iure qui itaque. Voluptatem laboriosam possimus qui aliquid. Enim ducimus fugit suscipit quis occaecati quia. Totam et veniam deleniti enim.', '1995-04-09 16:18:56');
INSERT INTO `profiles` (`user_id`, `gender`, `avatar`, `first_name`, `last_name`, `date_of_birth`, `country_id`, `about_me`, `updated_at`) VALUES (87, 'm', 52, 'Remington', 'Runte', '1981-12-07', 34, 'Illo rerum voluptatum voluptate aut. Autem earum est veniam vero laudantium nisi. Amet ab sint et qui nihil. Quo est vitae optio sed.', '1971-02-05 13:41:07');
INSERT INTO `profiles` (`user_id`, `gender`, `avatar`, `first_name`, `last_name`, `date_of_birth`, `country_id`, `about_me`, `updated_at`) VALUES (88, 'f', 25, 'Amani', 'Wolff', '2008-02-05', 48, 'Cum est sed in. Nulla velit et numquam illum autem ipsa rerum. Et a sit quisquam iste officia. Magnam quibusdam adipisci illo voluptatem.', '1982-02-13 15:27:19');
INSERT INTO `profiles` (`user_id`, `gender`, `avatar`, `first_name`, `last_name`, `date_of_birth`, `country_id`, `about_me`, `updated_at`) VALUES (89, 'm', 32, 'Fritz', 'Franecki', '1979-09-15', 84, 'Exercitationem et nostrum est deserunt commodi ut. Accusamus blanditiis eaque qui aut porro unde repudiandae. Rem modi sequi accusamus et et. Exercitationem sed repellat eum sint aliquid.', '1976-01-20 18:28:56');
INSERT INTO `profiles` (`user_id`, `gender`, `avatar`, `first_name`, `last_name`, `date_of_birth`, `country_id`, `about_me`, `updated_at`) VALUES (90, 'm', 49, 'Guido', 'Tillman', '2018-06-01', 82, 'Et nobis facere iste ut consequuntur amet veniam. Cupiditate id ducimus quos at. Doloribus veniam deserunt et quis ex exercitationem id.', '1986-12-07 17:42:57');
INSERT INTO `profiles` (`user_id`, `gender`, `avatar`, `first_name`, `last_name`, `date_of_birth`, `country_id`, `about_me`, `updated_at`) VALUES (91, 'm', 45, 'Cleo', 'Wehner', '1994-03-03', 66, 'Ducimus dolores unde modi nobis. Aut doloremque rem sunt distinctio aut quis. Cumque non aut voluptatum sint. Aut at tenetur qui odit officia sed.', '2009-05-10 20:57:46');
INSERT INTO `profiles` (`user_id`, `gender`, `avatar`, `first_name`, `last_name`, `date_of_birth`, `country_id`, `about_me`, `updated_at`) VALUES (92, 'f', 24, 'Anibal', 'Kris', '2011-07-07', 80, 'Ducimus sapiente aut quasi dolorem. Commodi repellendus nihil explicabo dolorum quos vel dolor. Aut ut sit officia a. Et et ipsam cupiditate itaque quia rerum consectetur.', '1997-04-22 19:50:47');
INSERT INTO `profiles` (`user_id`, `gender`, `avatar`, `first_name`, `last_name`, `date_of_birth`, `country_id`, `about_me`, `updated_at`) VALUES (93, 'm', 62, 'Freeda', 'Dicki', '1990-08-12', 52, 'Est reiciendis id ad expedita ut maxime recusandae et. Quo sint incidunt aliquid magnam earum.', '2015-09-13 13:27:37');
INSERT INTO `profiles` (`user_id`, `gender`, `avatar`, `first_name`, `last_name`, `date_of_birth`, `country_id`, `about_me`, `updated_at`) VALUES (94, 'f', 20, 'Maiya', 'Lehner', '2013-11-16', 19, 'Dignissimos labore fugit quo consequatur id voluptatem. Inventore vitae mollitia ullam alias nobis eum. Non nam sed temporibus quos facere. Beatae et consectetur nihil sint officiis exercitationem.', '2006-01-12 16:17:01');
INSERT INTO `profiles` (`user_id`, `gender`, `avatar`, `first_name`, `last_name`, `date_of_birth`, `country_id`, `about_me`, `updated_at`) VALUES (95, 'm', 100, 'Blanca', 'Reichert', '2002-10-23', 67, 'Voluptatem libero totam nulla aliquam quod. Quibusdam excepturi ad enim libero. Quos cupiditate natus sint dicta quod et. Explicabo odio amet non laudantium.', '1994-06-02 15:58:44');
INSERT INTO `profiles` (`user_id`, `gender`, `avatar`, `first_name`, `last_name`, `date_of_birth`, `country_id`, `about_me`, `updated_at`) VALUES (96, 'm', 25, 'Riley', 'Mohr', '1971-04-26', 56, 'Et quasi ut excepturi suscipit fuga quam ab. Ex aut voluptas nobis esse veniam ad ullam. Assumenda fuga numquam ut quia.', '1995-12-25 09:57:11');
INSERT INTO `profiles` (`user_id`, `gender`, `avatar`, `first_name`, `last_name`, `date_of_birth`, `country_id`, `about_me`, `updated_at`) VALUES (97, 'm', 100, 'Stella', 'Rolfson', '2020-03-08', 94, 'Est dolor dolorem quibusdam quae. Minima maxime corporis ea molestiae et velit et. Voluptatem et dolorum qui doloremque perspiciatis sint.', '1974-11-26 16:43:51');
INSERT INTO `profiles` (`user_id`, `gender`, `avatar`, `first_name`, `last_name`, `date_of_birth`, `country_id`, `about_me`, `updated_at`) VALUES (98, 'f', 86, 'Gregoria', 'Abshire', '2006-02-25', 32, 'Facilis alias exercitationem et sed quod. Praesentium qui exercitationem sint laudantium quod. Dicta quia fuga voluptatem atque.', '1988-03-06 02:48:27');
INSERT INTO `profiles` (`user_id`, `gender`, `avatar`, `first_name`, `last_name`, `date_of_birth`, `country_id`, `about_me`, `updated_at`) VALUES (99, 'm', 42, 'Jordan', 'Swift', '1988-08-16', 96, 'Debitis nihil animi maiores odio hic fugiat. Commodi voluptatum dolore voluptate est. Nostrum soluta dolor at vitae deleniti.', '2009-09-09 04:29:17');
INSERT INTO `profiles` (`user_id`, `gender`, `avatar`, `first_name`, `last_name`, `date_of_birth`, `country_id`, `about_me`, `updated_at`) VALUES (100, 'f', 13, 'Willie', 'McLaughlin', '2019-09-18', 2, 'Ut tempore voluptatem debitis rerum fugit et porro. Error similique cupiditate nihil nisi in enim. Nihil similique itaque tempore nobis commodi.', '2016-09-13 13:24:37');


#
# TABLE STRUCTURE FOR: users
#

DROP TABLE IF EXISTS `users`;

CREATE TABLE `users` (
  `id` int(10) unsigned NOT NULL AUTO_INCREMENT,
  `username` varchar(100) COLLATE utf8mb4_unicode_ci NOT NULL,
  `email` varchar(100) COLLATE utf8mb4_unicode_ci NOT NULL,
  `password_hash` varchar(100) COLLATE utf8mb4_unicode_ci DEFAULT NULL,
  `signed_up_at` timestamp NOT NULL DEFAULT current_timestamp() ON UPDATE current_timestamp(),
  PRIMARY KEY (`id`),
  UNIQUE KEY `email` (`email`)
) ENGINE=InnoDB AUTO_INCREMENT=101 DEFAULT CHARSET=utf8mb4 COLLATE=utf8mb4_unicode_ci;

INSERT INTO `users` (`id`, `username`, `email`, `password_hash`, `signed_up_at`) VALUES (1, 'Austyn', 'schmidt.delmer@example.net', '0910d3e49b7e02ec372fa21ebcf1f0496e21ac29', '1999-11-03 02:40:14');
INSERT INTO `users` (`id`, `username`, `email`, `password_hash`, `signed_up_at`) VALUES (2, 'Yolanda', 'maci36@example.org', 'e1718c1f5f92f638a1d97cdfca2e518a2a4a0bf0', '2004-04-26 21:04:09');
INSERT INTO `users` (`id`, `username`, `email`, `password_hash`, `signed_up_at`) VALUES (3, 'Ashleigh', 'eunice34@example.com', '4a97bc27f746fbadbb18bb112589b287e44486d9', '1979-04-10 02:15:50');
INSERT INTO `users` (`id`, `username`, `email`, `password_hash`, `signed_up_at`) VALUES (4, 'Rachelle', 'earnestine.prosacco@example.com', '66796bee7f0a7e227b657a201be4f678494801e9', '2010-11-13 07:32:43');
INSERT INTO `users` (`id`, `username`, `email`, `password_hash`, `signed_up_at`) VALUES (5, 'Amaya', 'kailey.lebsack@example.com', 'd65f9958f8c643805e0902eaa208e13a1c17eea3', '1999-07-20 13:34:02');
INSERT INTO `users` (`id`, `username`, `email`, `password_hash`, `signed_up_at`) VALUES (6, 'Shanna', 'kathryne55@example.com', '4e86dfc357d87bc5f2e71492dfbf7f4d660a030a', '2019-11-30 21:40:53');
INSERT INTO `users` (`id`, `username`, `email`, `password_hash`, `signed_up_at`) VALUES (7, 'Gennaro', 'xklein@example.com', 'b6fb88dbd7ebd74598934ed5333c83d271ef07ac', '1986-08-12 18:34:31');
INSERT INTO `users` (`id`, `username`, `email`, `password_hash`, `signed_up_at`) VALUES (8, 'Jerod', 'whitney30@example.org', '143ea427603e2ead2955ae9075c7d4d77397d4bc', '1998-05-24 13:50:14');
INSERT INTO `users` (`id`, `username`, `email`, `password_hash`, `signed_up_at`) VALUES (9, 'Bernardo', 'upacocha@example.com', '25fb5640af2a82aa27fe8f25a3ee3efe92176f41', '2013-10-15 03:06:31');
INSERT INTO `users` (`id`, `username`, `email`, `password_hash`, `signed_up_at`) VALUES (10, 'Keagan', 'marvin.dortha@example.org', 'f4a378d1b7666fcb90dc3cb1ad68f90e1c08ce1d', '1994-08-19 05:10:42');
INSERT INTO `users` (`id`, `username`, `email`, `password_hash`, `signed_up_at`) VALUES (11, 'Lazaro', 'jeanie15@example.net', '694b42b591e203f5189521212b87e024fd4a9b0f', '1972-06-09 06:14:17');
INSERT INTO `users` (`id`, `username`, `email`, `password_hash`, `signed_up_at`) VALUES (12, 'Dave', 'pat60@example.net', '2506cf55b0360f59f533f1866470677858157258', '1997-03-13 01:15:57');
INSERT INTO `users` (`id`, `username`, `email`, `password_hash`, `signed_up_at`) VALUES (13, 'Wilton', 'mercedes84@example.com', '6feec538a20d9bc1a7386844dd575897b406e6e2', '1972-01-14 07:28:37');
INSERT INTO `users` (`id`, `username`, `email`, `password_hash`, `signed_up_at`) VALUES (14, 'Gino', 'rhoda.purdy@example.net', 'e2a5777d7b523eed3da40db0beabcdfe519c1270', '2001-04-16 15:25:50');
INSERT INTO `users` (`id`, `username`, `email`, `password_hash`, `signed_up_at`) VALUES (15, 'Paula', 'don86@example.com', '76996ce4118c9a5db7122bd678f2dc4b60009b0b', '1982-06-10 09:58:32');
INSERT INTO `users` (`id`, `username`, `email`, `password_hash`, `signed_up_at`) VALUES (16, 'Elvie', 'clement95@example.org', '9b01475a49c643c5fdb54c647f4b00da568d1ec2', '2016-02-16 20:54:49');
INSERT INTO `users` (`id`, `username`, `email`, `password_hash`, `signed_up_at`) VALUES (17, 'Ashleigh', 'delia.johnston@example.org', '28d8c0bab66e1ac5059d33851301c7cea0f93c3b', '1987-12-22 11:21:39');
INSERT INTO `users` (`id`, `username`, `email`, `password_hash`, `signed_up_at`) VALUES (18, 'Laurel', 'birdie14@example.net', 'bfb8d1214f4eae8a4d7a470908807e337c364c83', '1980-01-16 04:17:42');
INSERT INTO `users` (`id`, `username`, `email`, `password_hash`, `signed_up_at`) VALUES (19, 'Cathryn', 'jwaelchi@example.com', '758916f2427744e930197e761973e3e31e26661c', '2012-08-02 00:51:29');
INSERT INTO `users` (`id`, `username`, `email`, `password_hash`, `signed_up_at`) VALUES (20, 'Matilde', 'halvorson.xzavier@example.com', 'b1a12ee66d1e672df2992f5fcc36a7050d2db683', '1997-06-20 01:16:48');
INSERT INTO `users` (`id`, `username`, `email`, `password_hash`, `signed_up_at`) VALUES (21, 'Janet', 'libby.bruen@example.org', '369f8e7b95e6ab8ec80ecdeb9c5bf342b0de08ad', '1991-01-25 20:19:39');
INSERT INTO `users` (`id`, `username`, `email`, `password_hash`, `signed_up_at`) VALUES (22, 'Ally', 'crawford.oberbrunner@example.org', 'f6e8b3c5474acfe66d90079b172de46c1aa9b4c0', '1998-02-04 09:21:09');
INSERT INTO `users` (`id`, `username`, `email`, `password_hash`, `signed_up_at`) VALUES (23, 'Gaylord', 'collins.sarah@example.com', 'd6492e261877352d39d8f40b3e29ec3e1b2e2898', '2018-07-01 11:09:12');
INSERT INTO `users` (`id`, `username`, `email`, `password_hash`, `signed_up_at`) VALUES (24, 'Greta', 'vwalter@example.net', 'fa846bdd079a3b6db9fb4f8e1652f830b2869af0', '1975-09-26 16:30:26');
INSERT INTO `users` (`id`, `username`, `email`, `password_hash`, `signed_up_at`) VALUES (25, 'Nolan', 'hudson.carter@example.net', '862f026da95436d24618d1fa67240bf7ec53b8f7', '1992-11-19 23:32:37');
INSERT INTO `users` (`id`, `username`, `email`, `password_hash`, `signed_up_at`) VALUES (26, 'Cathy', 'donna.nikolaus@example.net', '6fb75b8075dcc2c41c2bbc3830a6303ff2dfea52', '2013-03-11 06:58:44');
INSERT INTO `users` (`id`, `username`, `email`, `password_hash`, `signed_up_at`) VALUES (27, 'Trycia', 'theresa.herzog@example.net', 'aa905766404cffec62a349d2704f7699029f3d34', '1995-06-25 19:28:01');
INSERT INTO `users` (`id`, `username`, `email`, `password_hash`, `signed_up_at`) VALUES (28, 'Felicia', 'wiegand.natalia@example.com', '497228c73b7a9b99f9de9895ae65e374bcb571d1', '1981-09-14 02:52:17');
INSERT INTO `users` (`id`, `username`, `email`, `password_hash`, `signed_up_at`) VALUES (29, 'Mauricio', 'kaden06@example.org', '9a8a92b4c3a69c5e05322b5926198a9541fe7c8a', '1973-09-20 04:40:05');
INSERT INTO `users` (`id`, `username`, `email`, `password_hash`, `signed_up_at`) VALUES (30, 'Theron', 'ohomenick@example.com', '76e4406adff2c428320c2e4b74a1989803900a24', '2005-09-28 02:32:17');
INSERT INTO `users` (`id`, `username`, `email`, `password_hash`, `signed_up_at`) VALUES (31, 'Berneice', 'nia14@example.org', 'd888df741ef1a3a551b2d9de3a48ec558af1f0dd', '2000-04-26 09:51:08');
INSERT INTO `users` (`id`, `username`, `email`, `password_hash`, `signed_up_at`) VALUES (32, 'Trudie', 'stiedemann.trevion@example.net', '1bb3d940ad43ab783866679128584ad8e3418757', '1995-07-17 04:57:35');
INSERT INTO `users` (`id`, `username`, `email`, `password_hash`, `signed_up_at`) VALUES (33, 'Melyssa', 'vkessler@example.org', 'a6f17a3dca56a8cd11bc98462546bb1eaa5b5a52', '1988-03-30 19:40:30');
INSERT INTO `users` (`id`, `username`, `email`, `password_hash`, `signed_up_at`) VALUES (34, 'Kaylee', 'lincoln.spencer@example.com', '68415dc94fad818aebcf89c8033ac3a7546acff1', '1978-01-08 02:19:49');
INSERT INTO `users` (`id`, `username`, `email`, `password_hash`, `signed_up_at`) VALUES (35, 'Jeanne', 'cruickshank.skyla@example.net', '942ad9f3e9692bce4324fbdec25bf628946a324f', '1997-01-12 17:36:15');
INSERT INTO `users` (`id`, `username`, `email`, `password_hash`, `signed_up_at`) VALUES (36, 'Terrance', 'melvin16@example.org', 'dec843765acd6c9b668feb9d14f392578e04eec8', '1987-12-13 03:21:10');
INSERT INTO `users` (`id`, `username`, `email`, `password_hash`, `signed_up_at`) VALUES (37, 'Electa', 'pkuhic@example.org', '856639ee754ea075f01da7c825fc4f6526edcb0a', '1997-06-23 02:05:26');
INSERT INTO `users` (`id`, `username`, `email`, `password_hash`, `signed_up_at`) VALUES (38, 'Amely', 'vaughn.blick@example.net', 'e5a289a8c38b2ebbc51b49ca425d3c4dd70a4367', '1976-02-24 15:29:37');
INSERT INTO `users` (`id`, `username`, `email`, `password_hash`, `signed_up_at`) VALUES (39, 'Gerson', 'mara19@example.org', '000115109adf310dc224c84047d7a77e275bebcc', '1999-07-04 17:07:33');
INSERT INTO `users` (`id`, `username`, `email`, `password_hash`, `signed_up_at`) VALUES (40, 'Antone', 'esmeralda84@example.org', '74080f78fc82ab58fb6dd600288274b8e0768f67', '1976-12-14 19:22:44');
INSERT INTO `users` (`id`, `username`, `email`, `password_hash`, `signed_up_at`) VALUES (41, 'Greg', 'alysa35@example.net', 'd2abadc9a395899cf242e20fd5a10e5c2829edea', '2013-09-03 16:45:21');
INSERT INTO `users` (`id`, `username`, `email`, `password_hash`, `signed_up_at`) VALUES (42, 'Travon', 'una.murray@example.net', 'e63ec4a170209387d0badf84763791d1140cb3a2', '1993-04-20 16:19:12');
INSERT INTO `users` (`id`, `username`, `email`, `password_hash`, `signed_up_at`) VALUES (43, 'Bernhard', 'hjakubowski@example.net', '4577491029812927d2b4ef38153d4de4f5999738', '2007-05-07 23:58:50');
INSERT INTO `users` (`id`, `username`, `email`, `password_hash`, `signed_up_at`) VALUES (44, 'Lorna', 'thomas55@example.org', '3163428a41a6ce2caf0066ea711e26dd2d00820f', '1991-04-19 19:52:43');
INSERT INTO `users` (`id`, `username`, `email`, `password_hash`, `signed_up_at`) VALUES (45, 'Henri', 'norwood93@example.org', '58c9b24f0dd414b0b7fa3e9b5b2bd9fc9565f76e', '1978-08-11 06:27:04');
INSERT INTO `users` (`id`, `username`, `email`, `password_hash`, `signed_up_at`) VALUES (46, 'Roel', 'zboncak.erling@example.com', 'd8ab2b3612043977ad8c2449eb56195f30fec6b8', '2013-10-10 01:02:41');
INSERT INTO `users` (`id`, `username`, `email`, `password_hash`, `signed_up_at`) VALUES (47, 'Meghan', 'jeanette.mertz@example.com', '196ade9a7428628ccaed76a3167dbb42e3b200cf', '1993-11-18 20:32:28');
INSERT INTO `users` (`id`, `username`, `email`, `password_hash`, `signed_up_at`) VALUES (48, 'Wilford', 'blick.mathew@example.net', 'eebaed7cf7d77eb099b0d5cf35ab9779ccdb1173', '2017-09-29 10:24:59');
INSERT INTO `users` (`id`, `username`, `email`, `password_hash`, `signed_up_at`) VALUES (49, 'Amy', 'rene.white@example.com', '16b8ddd1d70543c8f082110b5e469b4942534d90', '1978-05-17 10:33:56');
INSERT INTO `users` (`id`, `username`, `email`, `password_hash`, `signed_up_at`) VALUES (50, 'Jameson', 'carroll.brice@example.com', 'ea36c2f5121307300cb6e3b976355797700bed3d', '1994-09-12 23:13:16');
INSERT INTO `users` (`id`, `username`, `email`, `password_hash`, `signed_up_at`) VALUES (51, 'Sonny', 'brionna.hamill@example.net', 'c86b52d532f4da1bbfbc004bace917d566ccf65e', '2018-12-23 17:58:24');
INSERT INTO `users` (`id`, `username`, `email`, `password_hash`, `signed_up_at`) VALUES (52, 'Antonia', 'susana.mohr@example.net', '53dba6b84d421c342159407ca3fd6c686635a7c6', '1995-05-21 04:16:29');
INSERT INTO `users` (`id`, `username`, `email`, `password_hash`, `signed_up_at`) VALUES (53, 'Marlon', 'kassandra49@example.net', '17184e3fd15d21a7704a71052bfa7103943e7774', '2002-05-28 23:12:58');
INSERT INTO `users` (`id`, `username`, `email`, `password_hash`, `signed_up_at`) VALUES (54, 'Vito', 'icrist@example.org', 'dc5356fd151ac7a45b92965180b398d9c180d833', '1979-08-27 11:50:48');
INSERT INTO `users` (`id`, `username`, `email`, `password_hash`, `signed_up_at`) VALUES (55, 'Ona', 'hand.jason@example.org', 'd0270ca07e4ddf58b09aa382a4e4758c05f11de9', '1999-09-08 06:41:05');
INSERT INTO `users` (`id`, `username`, `email`, `password_hash`, `signed_up_at`) VALUES (56, 'Berry', 'ycremin@example.com', 'cff9567b6f2f181b707688d1b8a98525064f76e8', '1976-05-09 17:04:55');
INSERT INTO `users` (`id`, `username`, `email`, `password_hash`, `signed_up_at`) VALUES (57, 'Virginia', 'upaucek@example.net', 'cbe7f5bc83f69d7bc91cc5f8b3297ea961648146', '2016-02-04 13:17:07');
INSERT INTO `users` (`id`, `username`, `email`, `password_hash`, `signed_up_at`) VALUES (58, 'Eleanora', 'fahey.courtney@example.com', 'd9b0baaeb52d59022497bcc7e34741717fe4b57c', '1984-09-03 16:36:44');
INSERT INTO `users` (`id`, `username`, `email`, `password_hash`, `signed_up_at`) VALUES (59, 'Chesley', 'houston.fay@example.net', '4ae70a1a6842b74e3049b6bb34c21f84249f0f9b', '2003-11-15 21:42:15');
INSERT INTO `users` (`id`, `username`, `email`, `password_hash`, `signed_up_at`) VALUES (60, 'Gerry', 'barrows.maudie@example.net', '5ad0bcea66e254c1c3648191f5b7e4a225b7110c', '1988-12-23 00:14:16');
INSERT INTO `users` (`id`, `username`, `email`, `password_hash`, `signed_up_at`) VALUES (61, 'Lemuel', 'dandre39@example.net', '3152d16fc71a0fcac2b172afac4e50cd00125a73', '1997-09-24 22:27:09');
INSERT INTO `users` (`id`, `username`, `email`, `password_hash`, `signed_up_at`) VALUES (62, 'Angelita', 'vonrueden.malvina@example.net', '3d012b3c003f4f8c36c6909b9e1151b1ad05de6e', '1993-04-25 17:48:51');
INSERT INTO `users` (`id`, `username`, `email`, `password_hash`, `signed_up_at`) VALUES (63, 'Violet', 'lydia82@example.com', 'e334a4eaca8daf2027c7db5a18dfc0b8f0b421be', '1995-07-08 16:27:02');
INSERT INTO `users` (`id`, `username`, `email`, `password_hash`, `signed_up_at`) VALUES (64, 'Kailyn', 'kertzmann.alan@example.com', '8658833df713849ebc9571f5c6c971f689896024', '1999-03-08 14:14:25');
INSERT INTO `users` (`id`, `username`, `email`, `password_hash`, `signed_up_at`) VALUES (65, 'River', 'mschultz@example.com', 'a67c69b6793eb7d73381959540fbe21b9328ff55', '2013-04-01 05:17:39');
INSERT INTO `users` (`id`, `username`, `email`, `password_hash`, `signed_up_at`) VALUES (66, 'Lonzo', 'opal89@example.org', 'fbad437c2b8ca2ce9c7fb0947aec7732b471050b', '1992-12-19 22:15:38');
INSERT INTO `users` (`id`, `username`, `email`, `password_hash`, `signed_up_at`) VALUES (67, 'Brenda', 'mdubuque@example.net', 'c428498158c1d6a25c28d80a97b14dee42ea3ee8', '1991-06-12 12:55:00');
INSERT INTO `users` (`id`, `username`, `email`, `password_hash`, `signed_up_at`) VALUES (68, 'Otto', 'crona.jovany@example.org', 'a41c71b4b050db18c526fc312d3d97e9e26fa372', '1982-01-12 10:14:42');
INSERT INTO `users` (`id`, `username`, `email`, `password_hash`, `signed_up_at`) VALUES (69, 'Karl', 'jacobi.schuyler@example.net', '6523c9c141b27f35ef08b6f51619f06417010cf0', '2008-01-08 20:24:37');
INSERT INTO `users` (`id`, `username`, `email`, `password_hash`, `signed_up_at`) VALUES (70, 'Clemens', 'rachael72@example.com', 'bf0b3557e1fde1834060f9e3f1baa2436ba3629e', '1988-11-04 23:16:17');
INSERT INTO `users` (`id`, `username`, `email`, `password_hash`, `signed_up_at`) VALUES (71, 'Jose', 'destini.champlin@example.org', '55a7752618315642ecd80617eba520516d2013ed', '1974-10-28 16:23:28');
INSERT INTO `users` (`id`, `username`, `email`, `password_hash`, `signed_up_at`) VALUES (72, 'Santiago', 'zdickinson@example.com', '2d22acad6e6c93fa81727ad4e157d0c0114bac4e', '1989-09-17 05:52:57');
INSERT INTO `users` (`id`, `username`, `email`, `password_hash`, `signed_up_at`) VALUES (73, 'Domenica', 'pbauch@example.net', 'c8d19680efc0eacf06e550b7e436697c4fdeecca', '1973-03-16 13:04:19');
INSERT INTO `users` (`id`, `username`, `email`, `password_hash`, `signed_up_at`) VALUES (74, 'Maureen', 'cjones@example.org', 'd04d445a0108742a8e29060485be098f47dcae5a', '2001-09-27 16:17:26');
INSERT INTO `users` (`id`, `username`, `email`, `password_hash`, `signed_up_at`) VALUES (75, 'Alda', 'olson.rosella@example.com', '46eb35b99ac75d44b938258aa1eea763c07bd61f', '1983-06-25 23:04:49');
INSERT INTO `users` (`id`, `username`, `email`, `password_hash`, `signed_up_at`) VALUES (76, 'Baron', 'lonzo10@example.net', 'de39a952ffe714edd98e50e33c76399287d0d68b', '1981-10-06 11:33:10');
INSERT INTO `users` (`id`, `username`, `email`, `password_hash`, `signed_up_at`) VALUES (77, 'Lambert', 'emard.alayna@example.com', '6f4863cdf5c1e27b972c226b4bbe67ffdb022256', '2010-05-29 18:01:47');
INSERT INTO `users` (`id`, `username`, `email`, `password_hash`, `signed_up_at`) VALUES (78, 'Alan', 'tzboncak@example.org', '83b15780d8446465ac858a7487e10c54e0fb96a1', '1982-06-07 20:41:19');
INSERT INTO `users` (`id`, `username`, `email`, `password_hash`, `signed_up_at`) VALUES (79, 'Wilma', 'wilhelm.cummerata@example.org', '46d780b087285c8c97e404a07b253ce06631e750', '2015-10-13 19:53:14');
INSERT INTO `users` (`id`, `username`, `email`, `password_hash`, `signed_up_at`) VALUES (80, 'Fletcher', 'marilyne.dooley@example.org', 'cfbd52920f9875ed7e42c66eb814f4b10178ff4e', '1971-03-26 16:29:20');
INSERT INTO `users` (`id`, `username`, `email`, `password_hash`, `signed_up_at`) VALUES (81, 'Davion', 'christop.ernser@example.org', '8112e8d53ee5971d9397f2cbef73fe4a732cb6c1', '2009-07-04 10:04:17');
INSERT INTO `users` (`id`, `username`, `email`, `password_hash`, `signed_up_at`) VALUES (82, 'Nicklaus', 'leann77@example.net', 'aa44a4816cd5ed1d42c2b261445e9c0f0243d63e', '1991-07-17 23:06:24');
INSERT INTO `users` (`id`, `username`, `email`, `password_hash`, `signed_up_at`) VALUES (83, 'Zion', 'nfahey@example.org', '5ce8b2920d39f71c97fc337f8dd9771f17ed3fcc', '2005-07-19 21:11:04');
INSERT INTO `users` (`id`, `username`, `email`, `password_hash`, `signed_up_at`) VALUES (84, 'Aubree', 'luther.haley@example.org', 'fca94935d7fa9d678635b2e5f6e5afbeaaa07a9a', '1973-11-19 07:55:37');
INSERT INTO `users` (`id`, `username`, `email`, `password_hash`, `signed_up_at`) VALUES (85, 'Alice', 'carter.keanu@example.com', '63dc979e50e00045a4a935ba024c8dddacb9ba44', '1997-12-08 18:01:12');
INSERT INTO `users` (`id`, `username`, `email`, `password_hash`, `signed_up_at`) VALUES (86, 'Geovany', 'kiley.dubuque@example.org', 'de09d737fd60f8753b574c5125f97feb21efcef4', '2020-06-13 18:46:37');
INSERT INTO `users` (`id`, `username`, `email`, `password_hash`, `signed_up_at`) VALUES (87, 'Tanya', 'michale85@example.net', '03296bf275d287cd40fab9fbc7f3152a30f92bc7', '2006-02-22 04:35:46');
INSERT INTO `users` (`id`, `username`, `email`, `password_hash`, `signed_up_at`) VALUES (88, 'Samara', 'nader.anabel@example.org', '1fde5c4fc4184016b9f8ec112eb213065f57f3f6', '2018-10-31 00:58:32');
INSERT INTO `users` (`id`, `username`, `email`, `password_hash`, `signed_up_at`) VALUES (89, 'Avis', 'sigrid.torp@example.net', 'e788b938691f725e85712bd0104d170687a96ffb', '2014-08-08 18:41:30');
INSERT INTO `users` (`id`, `username`, `email`, `password_hash`, `signed_up_at`) VALUES (90, 'Branson', 'jeanie.collins@example.org', '1a1815a44bd2b78b4b5e0a9f5b790b5d0456d388', '1987-01-25 18:38:10');
INSERT INTO `users` (`id`, `username`, `email`, `password_hash`, `signed_up_at`) VALUES (91, 'Laney', 'cwelch@example.org', '04e9bd63d4f26122505b0bccde9e9e029b34f0b5', '1998-12-08 18:19:11');
INSERT INTO `users` (`id`, `username`, `email`, `password_hash`, `signed_up_at`) VALUES (92, 'August', 'paucek.laverna@example.org', '617f31f21683005edf65784cdbdc0d9d78703c1d', '1976-10-29 17:11:23');
INSERT INTO `users` (`id`, `username`, `email`, `password_hash`, `signed_up_at`) VALUES (93, 'Ottilie', 'uhaag@example.net', 'd2179cb89debc27a16ffca243b7b4120d31d9b3f', '2009-01-18 13:39:53');
INSERT INTO `users` (`id`, `username`, `email`, `password_hash`, `signed_up_at`) VALUES (94, 'Antonina', 'tbeer@example.org', '706ed4457618d1e6d36da6c5c7a1c4b6a1ba6fde', '1983-07-08 06:27:35');
INSERT INTO `users` (`id`, `username`, `email`, `password_hash`, `signed_up_at`) VALUES (95, 'Donna', 'brandy41@example.org', '7f4d7dcadf9e94b2d9a6fb485925ce2e6b19d5fb', '1990-02-09 23:49:29');
INSERT INTO `users` (`id`, `username`, `email`, `password_hash`, `signed_up_at`) VALUES (96, 'Leora', 'anjali04@example.org', 'a692466f030389b071b12c872ada7e542028b7fc', '1982-04-15 12:57:18');
INSERT INTO `users` (`id`, `username`, `email`, `password_hash`, `signed_up_at`) VALUES (97, 'Joe', 'louie11@example.org', '449f648e5eeafb46ef9973594b2e1c8dbcb8dbe7', '1977-01-09 04:12:08');
INSERT INTO `users` (`id`, `username`, `email`, `password_hash`, `signed_up_at`) VALUES (98, 'Jamie', 'rusty04@example.com', '478fdca8a247df1e0a383339444707548156e68d', '2007-03-09 03:32:39');
INSERT INTO `users` (`id`, `username`, `email`, `password_hash`, `signed_up_at`) VALUES (99, 'Horacio', 'xgerlach@example.net', '0a6aae84d772c5d5c5350fd43510a772cdc4376d', '2009-08-06 14:28:13');
INSERT INTO `users` (`id`, `username`, `email`, `password_hash`, `signed_up_at`) VALUES (100, 'Delta', 'tracey96@example.com', '153ef5e3033b186c5143f308967458bfee76244b', '2012-02-03 15:23:50');

#
# TABLE STRUCTURE FOR: cast_and_crew
#

DROP TABLE IF EXISTS `cast_and_crew`;

CREATE TABLE `cast_and_crew` (
  `id` int(10) unsigned NOT NULL AUTO_INCREMENT,
  `header_id` int(10) unsigned DEFAULT NULL,
  `role_id` int(10) unsigned DEFAULT NULL,
  `creator_id` int(10) unsigned DEFAULT NULL,
  PRIMARY KEY (`id`)
) ENGINE=InnoDB AUTO_INCREMENT=101 DEFAULT CHARSET=utf8mb4 COLLATE=utf8mb4_unicode_ci;

INSERT INTO `cast_and_crew` (`id`, `header_id`, `role_id`, `creator_id`) VALUES (1, 93, 14, 41);
INSERT INTO `cast_and_crew` (`id`, `header_id`, `role_id`, `creator_id`) VALUES (2, 12, 8, 92);
INSERT INTO `cast_and_crew` (`id`, `header_id`, `role_id`, `creator_id`) VALUES (3, 20, 13, 12);
INSERT INTO `cast_and_crew` (`id`, `header_id`, `role_id`, `creator_id`) VALUES (4, 47, 9, 74);
INSERT INTO `cast_and_crew` (`id`, `header_id`, `role_id`, `creator_id`) VALUES (5, 94, 15, 94);
INSERT INTO `cast_and_crew` (`id`, `header_id`, `role_id`, `creator_id`) VALUES (6, 70, 5, 48);
INSERT INTO `cast_and_crew` (`id`, `header_id`, `role_id`, `creator_id`) VALUES (7, 16, 11, 46);
INSERT INTO `cast_and_crew` (`id`, `header_id`, `role_id`, `creator_id`) VALUES (8, 23, 5, 73);
INSERT INTO `cast_and_crew` (`id`, `header_id`, `role_id`, `creator_id`) VALUES (9, 89, 17, 60);
INSERT INTO `cast_and_crew` (`id`, `header_id`, `role_id`, `creator_id`) VALUES (10, 50, 2, 42);
INSERT INTO `cast_and_crew` (`id`, `header_id`, `role_id`, `creator_id`) VALUES (11, 84, 9, 6);
INSERT INTO `cast_and_crew` (`id`, `header_id`, `role_id`, `creator_id`) VALUES (12, 35, 4, 3);
INSERT INTO `cast_and_crew` (`id`, `header_id`, `role_id`, `creator_id`) VALUES (13, 34, 15, 96);
INSERT INTO `cast_and_crew` (`id`, `header_id`, `role_id`, `creator_id`) VALUES (14, 47, 13, 64);
INSERT INTO `cast_and_crew` (`id`, `header_id`, `role_id`, `creator_id`) VALUES (15, 58, 4, 7);
INSERT INTO `cast_and_crew` (`id`, `header_id`, `role_id`, `creator_id`) VALUES (16, 83, 16, 46);
INSERT INTO `cast_and_crew` (`id`, `header_id`, `role_id`, `creator_id`) VALUES (17, 9, 17, 71);
INSERT INTO `cast_and_crew` (`id`, `header_id`, `role_id`, `creator_id`) VALUES (18, 59, 4, 29);
INSERT INTO `cast_and_crew` (`id`, `header_id`, `role_id`, `creator_id`) VALUES (19, 15, 13, 68);
INSERT INTO `cast_and_crew` (`id`, `header_id`, `role_id`, `creator_id`) VALUES (20, 58, 6, 42);
INSERT INTO `cast_and_crew` (`id`, `header_id`, `role_id`, `creator_id`) VALUES (21, 84, 1, 69);
INSERT INTO `cast_and_crew` (`id`, `header_id`, `role_id`, `creator_id`) VALUES (22, 75, 14, 79);
INSERT INTO `cast_and_crew` (`id`, `header_id`, `role_id`, `creator_id`) VALUES (23, 12, 6, 33);
INSERT INTO `cast_and_crew` (`id`, `header_id`, `role_id`, `creator_id`) VALUES (24, 14, 13, 36);
INSERT INTO `cast_and_crew` (`id`, `header_id`, `role_id`, `creator_id`) VALUES (25, 82, 11, 5);
INSERT INTO `cast_and_crew` (`id`, `header_id`, `role_id`, `creator_id`) VALUES (26, 71, 7, 48);
INSERT INTO `cast_and_crew` (`id`, `header_id`, `role_id`, `creator_id`) VALUES (27, 8, 13, 20);
INSERT INTO `cast_and_crew` (`id`, `header_id`, `role_id`, `creator_id`) VALUES (28, 82, 8, 19);
INSERT INTO `cast_and_crew` (`id`, `header_id`, `role_id`, `creator_id`) VALUES (29, 64, 8, 27);
INSERT INTO `cast_and_crew` (`id`, `header_id`, `role_id`, `creator_id`) VALUES (30, 1, 6, 13);
INSERT INTO `cast_and_crew` (`id`, `header_id`, `role_id`, `creator_id`) VALUES (31, 98, 12, 23);
INSERT INTO `cast_and_crew` (`id`, `header_id`, `role_id`, `creator_id`) VALUES (32, 25, 11, 39);
INSERT INTO `cast_and_crew` (`id`, `header_id`, `role_id`, `creator_id`) VALUES (33, 5, 10, 95);
INSERT INTO `cast_and_crew` (`id`, `header_id`, `role_id`, `creator_id`) VALUES (34, 14, 1, 24);
INSERT INTO `cast_and_crew` (`id`, `header_id`, `role_id`, `creator_id`) VALUES (35, 4, 15, 37);
INSERT INTO `cast_and_crew` (`id`, `header_id`, `role_id`, `creator_id`) VALUES (36, 18, 1, 82);
INSERT INTO `cast_and_crew` (`id`, `header_id`, `role_id`, `creator_id`) VALUES (37, 13, 16, 5);
INSERT INTO `cast_and_crew` (`id`, `header_id`, `role_id`, `creator_id`) VALUES (38, 28, 16, 94);
INSERT INTO `cast_and_crew` (`id`, `header_id`, `role_id`, `creator_id`) VALUES (39, 39, 1, 79);
INSERT INTO `cast_and_crew` (`id`, `header_id`, `role_id`, `creator_id`) VALUES (40, 63, 9, 20);
INSERT INTO `cast_and_crew` (`id`, `header_id`, `role_id`, `creator_id`) VALUES (41, 60, 11, 23);
INSERT INTO `cast_and_crew` (`id`, `header_id`, `role_id`, `creator_id`) VALUES (42, 93, 14, 34);
INSERT INTO `cast_and_crew` (`id`, `header_id`, `role_id`, `creator_id`) VALUES (43, 55, 9, 15);
INSERT INTO `cast_and_crew` (`id`, `header_id`, `role_id`, `creator_id`) VALUES (44, 36, 6, 59);
INSERT INTO `cast_and_crew` (`id`, `header_id`, `role_id`, `creator_id`) VALUES (45, 40, 12, 62);
INSERT INTO `cast_and_crew` (`id`, `header_id`, `role_id`, `creator_id`) VALUES (46, 31, 16, 37);
INSERT INTO `cast_and_crew` (`id`, `header_id`, `role_id`, `creator_id`) VALUES (47, 23, 10, 2);
INSERT INTO `cast_and_crew` (`id`, `header_id`, `role_id`, `creator_id`) VALUES (48, 7, 11, 36);
INSERT INTO `cast_and_crew` (`id`, `header_id`, `role_id`, `creator_id`) VALUES (49, 100, 16, 49);
INSERT INTO `cast_and_crew` (`id`, `header_id`, `role_id`, `creator_id`) VALUES (50, 76, 2, 32);
INSERT INTO `cast_and_crew` (`id`, `header_id`, `role_id`, `creator_id`) VALUES (51, 25, 10, 15);
INSERT INTO `cast_and_crew` (`id`, `header_id`, `role_id`, `creator_id`) VALUES (52, 81, 6, 61);
INSERT INTO `cast_and_crew` (`id`, `header_id`, `role_id`, `creator_id`) VALUES (53, 41, 17, 55);
INSERT INTO `cast_and_crew` (`id`, `header_id`, `role_id`, `creator_id`) VALUES (54, 49, 2, 33);
INSERT INTO `cast_and_crew` (`id`, `header_id`, `role_id`, `creator_id`) VALUES (55, 19, 2, 97);
INSERT INTO `cast_and_crew` (`id`, `header_id`, `role_id`, `creator_id`) VALUES (56, 98, 11, 19);
INSERT INTO `cast_and_crew` (`id`, `header_id`, `role_id`, `creator_id`) VALUES (57, 28, 14, 62);
INSERT INTO `cast_and_crew` (`id`, `header_id`, `role_id`, `creator_id`) VALUES (58, 33, 1, 16);
INSERT INTO `cast_and_crew` (`id`, `header_id`, `role_id`, `creator_id`) VALUES (59, 75, 17, 77);
INSERT INTO `cast_and_crew` (`id`, `header_id`, `role_id`, `creator_id`) VALUES (60, 45, 12, 65);
INSERT INTO `cast_and_crew` (`id`, `header_id`, `role_id`, `creator_id`) VALUES (61, 27, 13, 50);
INSERT INTO `cast_and_crew` (`id`, `header_id`, `role_id`, `creator_id`) VALUES (62, 67, 8, 80);
INSERT INTO `cast_and_crew` (`id`, `header_id`, `role_id`, `creator_id`) VALUES (63, 74, 2, 78);
INSERT INTO `cast_and_crew` (`id`, `header_id`, `role_id`, `creator_id`) VALUES (64, 75, 11, 61);
INSERT INTO `cast_and_crew` (`id`, `header_id`, `role_id`, `creator_id`) VALUES (65, 8, 11, 17);
INSERT INTO `cast_and_crew` (`id`, `header_id`, `role_id`, `creator_id`) VALUES (66, 55, 1, 36);
INSERT INTO `cast_and_crew` (`id`, `header_id`, `role_id`, `creator_id`) VALUES (67, 59, 2, 6);
INSERT INTO `cast_and_crew` (`id`, `header_id`, `role_id`, `creator_id`) VALUES (68, 31, 13, 100);
INSERT INTO `cast_and_crew` (`id`, `header_id`, `role_id`, `creator_id`) VALUES (69, 98, 6, 49);
INSERT INTO `cast_and_crew` (`id`, `header_id`, `role_id`, `creator_id`) VALUES (70, 20, 8, 82);
INSERT INTO `cast_and_crew` (`id`, `header_id`, `role_id`, `creator_id`) VALUES (71, 16, 9, 7);
INSERT INTO `cast_and_crew` (`id`, `header_id`, `role_id`, `creator_id`) VALUES (72, 23, 12, 20);
INSERT INTO `cast_and_crew` (`id`, `header_id`, `role_id`, `creator_id`) VALUES (73, 53, 7, 79);
INSERT INTO `cast_and_crew` (`id`, `header_id`, `role_id`, `creator_id`) VALUES (74, 21, 4, 35);
INSERT INTO `cast_and_crew` (`id`, `header_id`, `role_id`, `creator_id`) VALUES (75, 89, 6, 90);
INSERT INTO `cast_and_crew` (`id`, `header_id`, `role_id`, `creator_id`) VALUES (76, 41, 7, 36);
INSERT INTO `cast_and_crew` (`id`, `header_id`, `role_id`, `creator_id`) VALUES (77, 18, 2, 9);
INSERT INTO `cast_and_crew` (`id`, `header_id`, `role_id`, `creator_id`) VALUES (78, 35, 4, 94);
INSERT INTO `cast_and_crew` (`id`, `header_id`, `role_id`, `creator_id`) VALUES (79, 63, 11, 56);
INSERT INTO `cast_and_crew` (`id`, `header_id`, `role_id`, `creator_id`) VALUES (80, 4, 3, 56);
INSERT INTO `cast_and_crew` (`id`, `header_id`, `role_id`, `creator_id`) VALUES (81, 70, 17, 32);
INSERT INTO `cast_and_crew` (`id`, `header_id`, `role_id`, `creator_id`) VALUES (82, 45, 15, 56);
INSERT INTO `cast_and_crew` (`id`, `header_id`, `role_id`, `creator_id`) VALUES (83, 31, 15, 1);
INSERT INTO `cast_and_crew` (`id`, `header_id`, `role_id`, `creator_id`) VALUES (84, 75, 15, 15);
INSERT INTO `cast_and_crew` (`id`, `header_id`, `role_id`, `creator_id`) VALUES (85, 2, 9, 48);
INSERT INTO `cast_and_crew` (`id`, `header_id`, `role_id`, `creator_id`) VALUES (86, 6, 4, 72);
INSERT INTO `cast_and_crew` (`id`, `header_id`, `role_id`, `creator_id`) VALUES (87, 81, 15, 93);
INSERT INTO `cast_and_crew` (`id`, `header_id`, `role_id`, `creator_id`) VALUES (88, 18, 2, 46);
INSERT INTO `cast_and_crew` (`id`, `header_id`, `role_id`, `creator_id`) VALUES (89, 10, 8, 43);
INSERT INTO `cast_and_crew` (`id`, `header_id`, `role_id`, `creator_id`) VALUES (90, 60, 5, 90);
INSERT INTO `cast_and_crew` (`id`, `header_id`, `role_id`, `creator_id`) VALUES (91, 16, 12, 23);
INSERT INTO `cast_and_crew` (`id`, `header_id`, `role_id`, `creator_id`) VALUES (92, 4, 16, 78);
INSERT INTO `cast_and_crew` (`id`, `header_id`, `role_id`, `creator_id`) VALUES (93, 28, 15, 57);
INSERT INTO `cast_and_crew` (`id`, `header_id`, `role_id`, `creator_id`) VALUES (94, 70, 3, 77);
INSERT INTO `cast_and_crew` (`id`, `header_id`, `role_id`, `creator_id`) VALUES (95, 83, 9, 70);
INSERT INTO `cast_and_crew` (`id`, `header_id`, `role_id`, `creator_id`) VALUES (96, 12, 7, 9);
INSERT INTO `cast_and_crew` (`id`, `header_id`, `role_id`, `creator_id`) VALUES (97, 50, 12, 2);
INSERT INTO `cast_and_crew` (`id`, `header_id`, `role_id`, `creator_id`) VALUES (98, 16, 9, 28);
INSERT INTO `cast_and_crew` (`id`, `header_id`, `role_id`, `creator_id`) VALUES (99, 14, 3, 76);
INSERT INTO `cast_and_crew` (`id`, `header_id`, `role_id`, `creator_id`) VALUES (100, 6, 5, 86);


#
# TABLE STRUCTURE FOR: creators
#

DROP TABLE IF EXISTS `creators`;

CREATE TABLE `creators` (
  `id` int(10) unsigned NOT NULL,
  `first_name` varchar(200) COLLATE utf8mb4_unicode_ci NOT NULL,
  `last_name` varchar(200) COLLATE utf8mb4_unicode_ci NOT NULL,
  `career` varchar(200) COLLATE utf8mb4_unicode_ci NOT NULL,
  `date_of_birth` date DEFAULT NULL,
  `date_of_death` date DEFAULT NULL,
  `gender` enum('m','f','nb','ud') COLLATE utf8mb4_unicode_ci DEFAULT 'ud',
  `photo` int(10) unsigned DEFAULT 1,
  `country_id` int(10) unsigned DEFAULT NULL,
  PRIMARY KEY (`id`)
) ENGINE=InnoDB DEFAULT CHARSET=utf8mb4 COLLATE=utf8mb4_unicode_ci;

INSERT INTO `creators` (`id`, `first_name`, `last_name`, `career`, `date_of_birth`, `date_of_death`, `gender`, `photo`, `country_id`) VALUES (1, 'Abner', 'Kshlerin', 'perspiciatis', '1977-09-19', '1982-10-12', 'f', 102, 36);
INSERT INTO `creators` (`id`, `first_name`, `last_name`, `career`, `date_of_birth`, `date_of_death`, `gender`, `photo`, `country_id`) VALUES (2, 'Camylle', 'Larkin', 'voluptatum', '1977-11-15', '1992-07-25', 'f', 98, 5);
INSERT INTO `creators` (`id`, `first_name`, `last_name`, `career`, `date_of_birth`, `date_of_death`, `gender`, `photo`, `country_id`) VALUES (3, 'Stacy', 'Daniel', 'qui', '2009-07-12', '1980-12-27', 'm', 23, 44);
INSERT INTO `creators` (`id`, `first_name`, `last_name`, `career`, `date_of_birth`, `date_of_death`, `gender`, `photo`, `country_id`) VALUES (4, 'Torey', 'Marvin', 'illum', '2004-06-08', '2001-09-20', 'f', 114, 119);
INSERT INTO `creators` (`id`, `first_name`, `last_name`, `career`, `date_of_birth`, `date_of_death`, `gender`, `photo`, `country_id`) VALUES (5, 'Lera', 'Paucek', 'sint', '1999-03-25', '2013-03-29', 'f', 118, 197);
INSERT INTO `creators` (`id`, `first_name`, `last_name`, `career`, `date_of_birth`, `date_of_death`, `gender`, `photo`, `country_id`) VALUES (6, 'Frederic', 'Jacobs', 'saepe', '2019-08-19', '2004-03-10', 'm', 26, 140);
INSERT INTO `creators` (`id`, `first_name`, `last_name`, `career`, `date_of_birth`, `date_of_death`, `gender`, `photo`, `country_id`) VALUES (7, 'Angelica', 'Gulgowski', 'asperiores', '2008-12-11', '1980-12-19', 'f', 33, 210);
INSERT INTO `creators` (`id`, `first_name`, `last_name`, `career`, `date_of_birth`, `date_of_death`, `gender`, `photo`, `country_id`) VALUES (8, 'Muhammad', 'Roberts', 'qui', '2001-06-12', '1993-03-19', 'm', 76, 108);
INSERT INTO `creators` (`id`, `first_name`, `last_name`, `career`, `date_of_birth`, `date_of_death`, `gender`, `photo`, `country_id`) VALUES (9, 'Brandyn', 'Corkery', 'ipsam', '2020-11-13', '1974-07-18', 'f', 4, 212);
INSERT INTO `creators` (`id`, `first_name`, `last_name`, `career`, `date_of_birth`, `date_of_death`, `gender`, `photo`, `country_id`) VALUES (10, 'Brian', 'Bechtelar', 'modi', '1991-08-22', '1984-07-28', 'f', 55, 229);
INSERT INTO `creators` (`id`, `first_name`, `last_name`, `career`, `date_of_birth`, `date_of_death`, `gender`, `photo`, `country_id`) VALUES (11, 'Adam', 'Fahey', 'sunt', '1995-01-31', '1982-12-27', 'f', 3, 96);
INSERT INTO `creators` (`id`, `first_name`, `last_name`, `career`, `date_of_birth`, `date_of_death`, `gender`, `photo`, `country_id`) VALUES (12, 'Alek', 'Kassulke', 'similique', '1991-05-10', '1985-04-03', 'f', 37, 189);
INSERT INTO `creators` (`id`, `first_name`, `last_name`, `career`, `date_of_birth`, `date_of_death`, `gender`, `photo`, `country_id`) VALUES (13, 'Ian', 'Corwin', 'alias', '2001-04-04', '1980-06-17', 'm', 98, 78);
INSERT INTO `creators` (`id`, `first_name`, `last_name`, `career`, `date_of_birth`, `date_of_death`, `gender`, `photo`, `country_id`) VALUES (14, 'Valerie', 'Kovacek', 'vero', '2011-09-06', '2006-10-04', 'm', 142, 172);
INSERT INTO `creators` (`id`, `first_name`, `last_name`, `career`, `date_of_birth`, `date_of_death`, `gender`, `photo`, `country_id`) VALUES (15, 'Newell', 'Orn', 'itaque', '1979-07-10', '2014-06-04', 'm', 35, 144);
INSERT INTO `creators` (`id`, `first_name`, `last_name`, `career`, `date_of_birth`, `date_of_death`, `gender`, `photo`, `country_id`) VALUES (16, 'Joaquin', 'Kulas', 'quia', '2010-03-26', '1999-10-28', 'f', 38, 172);
INSERT INTO `creators` (`id`, `first_name`, `last_name`, `career`, `date_of_birth`, `date_of_death`, `gender`, `photo`, `country_id`) VALUES (17, 'Cordell', 'Osinski', 'sint', '2016-12-06', '2001-03-11', 'm', 3, 79);
INSERT INTO `creators` (`id`, `first_name`, `last_name`, `career`, `date_of_birth`, `date_of_death`, `gender`, `photo`, `country_id`) VALUES (18, 'Carlie', 'Baumbach', 'esse', '1989-07-12', '2018-05-05', 'm', 26, 235);
INSERT INTO `creators` (`id`, `first_name`, `last_name`, `career`, `date_of_birth`, `date_of_death`, `gender`, `photo`, `country_id`) VALUES (19, 'Fay', 'Nikolaus', 'ducimus', '2017-01-16', '1996-12-16', 'm', 105, 131);
INSERT INTO `creators` (`id`, `first_name`, `last_name`, `career`, `date_of_birth`, `date_of_death`, `gender`, `photo`, `country_id`) VALUES (20, 'Isabella', 'Schumm', 'accusamus', '1991-05-09', '2020-06-04', 'f', 61, 129);
INSERT INTO `creators` (`id`, `first_name`, `last_name`, `career`, `date_of_birth`, `date_of_death`, `gender`, `photo`, `country_id`) VALUES (21, 'Genevieve', 'McCullough', 'tempora', '2004-04-11', '1976-03-25', 'f', 12, 46);
INSERT INTO `creators` (`id`, `first_name`, `last_name`, `career`, `date_of_birth`, `date_of_death`, `gender`, `photo`, `country_id`) VALUES (22, 'Arnoldo', 'Yundt', 'sunt', '1999-05-05', '1985-08-31', 'f', 113, 217);
INSERT INTO `creators` (`id`, `first_name`, `last_name`, `career`, `date_of_birth`, `date_of_death`, `gender`, `photo`, `country_id`) VALUES (23, 'Faye', 'Konopelski', 'praesentium', '1980-09-28', '2017-01-15', 'f', 30, 214);
INSERT INTO `creators` (`id`, `first_name`, `last_name`, `career`, `date_of_birth`, `date_of_death`, `gender`, `photo`, `country_id`) VALUES (24, 'Ivy', 'Bartell', 'soluta', '1975-02-02', '1983-01-16', 'f', 127, 170);
INSERT INTO `creators` (`id`, `first_name`, `last_name`, `career`, `date_of_birth`, `date_of_death`, `gender`, `photo`, `country_id`) VALUES (25, 'Oda', 'Hartmann', 'quidem', '2004-08-09', '1972-11-12', 'm', 119, 213);
INSERT INTO `creators` (`id`, `first_name`, `last_name`, `career`, `date_of_birth`, `date_of_death`, `gender`, `photo`, `country_id`) VALUES (26, 'Laverna', 'Steuber', 'repudiandae', '2010-01-21', '2010-01-28', 'm', 61, 207);
INSERT INTO `creators` (`id`, `first_name`, `last_name`, `career`, `date_of_birth`, `date_of_death`, `gender`, `photo`, `country_id`) VALUES (27, 'Darby', 'Morar', 'optio', '2000-09-30', '1979-11-01', 'm', 141, 35);
INSERT INTO `creators` (`id`, `first_name`, `last_name`, `career`, `date_of_birth`, `date_of_death`, `gender`, `photo`, `country_id`) VALUES (28, 'Broderick', 'Kihn', 'hic', '2020-09-22', '2016-05-03', 'f', 112, 159);
INSERT INTO `creators` (`id`, `first_name`, `last_name`, `career`, `date_of_birth`, `date_of_death`, `gender`, `photo`, `country_id`) VALUES (29, 'Hershel', 'Powlowski', 'commodi', '2010-10-03', '1970-11-27', 'f', 70, 136);
INSERT INTO `creators` (`id`, `first_name`, `last_name`, `career`, `date_of_birth`, `date_of_death`, `gender`, `photo`, `country_id`) VALUES (30, 'Ephraim', 'Pfannerstill', 'explicabo', '2005-02-04', '1995-01-09', 'f', 96, 178);
INSERT INTO `creators` (`id`, `first_name`, `last_name`, `career`, `date_of_birth`, `date_of_death`, `gender`, `photo`, `country_id`) VALUES (31, 'Marlene', 'O\'Reilly', 'inventore', '1978-09-04', '1983-09-03', 'm', 80, 74);
INSERT INTO `creators` (`id`, `first_name`, `last_name`, `career`, `date_of_birth`, `date_of_death`, `gender`, `photo`, `country_id`) VALUES (32, 'Roberto', 'Hettinger', 'doloremque', '2003-06-09', '1980-02-13', 'f', 101, 237);
INSERT INTO `creators` (`id`, `first_name`, `last_name`, `career`, `date_of_birth`, `date_of_death`, `gender`, `photo`, `country_id`) VALUES (33, 'Nina', 'Leannon', 'sint', '2014-07-09', '1983-01-22', 'f', 106, 180);
INSERT INTO `creators` (`id`, `first_name`, `last_name`, `career`, `date_of_birth`, `date_of_death`, `gender`, `photo`, `country_id`) VALUES (34, 'Cydney', 'Huels', 'modi', '1978-01-26', '1988-12-08', 'f', 139, 145);
INSERT INTO `creators` (`id`, `first_name`, `last_name`, `career`, `date_of_birth`, `date_of_death`, `gender`, `photo`, `country_id`) VALUES (35, 'Arnold', 'Stroman', 'aut', '2006-02-08', '2021-04-07', 'm', 110, 70);
INSERT INTO `creators` (`id`, `first_name`, `last_name`, `career`, `date_of_birth`, `date_of_death`, `gender`, `photo`, `country_id`) VALUES (36, 'Ciara', 'Deckow', 'iste', '1976-01-18', '2007-02-05', 'f', 131, 55);
INSERT INTO `creators` (`id`, `first_name`, `last_name`, `career`, `date_of_birth`, `date_of_death`, `gender`, `photo`, `country_id`) VALUES (37, 'Jakob', 'Pfeffer', 'dolore', '2016-03-06', '2006-02-06', 'f', 88, 135);
INSERT INTO `creators` (`id`, `first_name`, `last_name`, `career`, `date_of_birth`, `date_of_death`, `gender`, `photo`, `country_id`) VALUES (38, 'Camila', 'Rau', 'voluptatem', '2001-12-24', '1995-06-19', 'f', 142, 210);
INSERT INTO `creators` (`id`, `first_name`, `last_name`, `career`, `date_of_birth`, `date_of_death`, `gender`, `photo`, `country_id`) VALUES (39, 'Hardy', 'Schneider', 'maxime', '2003-06-17', '1991-03-23', 'm', 102, 187);
INSERT INTO `creators` (`id`, `first_name`, `last_name`, `career`, `date_of_birth`, `date_of_death`, `gender`, `photo`, `country_id`) VALUES (40, 'Mariane', 'Hammes', 'eum', '1975-01-13', '1987-12-03', 'm', 48, 97);
INSERT INTO `creators` (`id`, `first_name`, `last_name`, `career`, `date_of_birth`, `date_of_death`, `gender`, `photo`, `country_id`) VALUES (41, 'Casimir', 'Douglas', 'ad', '2008-07-21', '2007-03-23', 'f', 141, 124);
INSERT INTO `creators` (`id`, `first_name`, `last_name`, `career`, `date_of_birth`, `date_of_death`, `gender`, `photo`, `country_id`) VALUES (42, 'Lloyd', 'Bayer', 'magni', '1984-05-09', '2009-06-02', 'm', 86, 107);
INSERT INTO `creators` (`id`, `first_name`, `last_name`, `career`, `date_of_birth`, `date_of_death`, `gender`, `photo`, `country_id`) VALUES (43, 'Brad', 'Emmerich', 'quia', '1994-10-14', '1985-10-19', 'f', 105, 188);
INSERT INTO `creators` (`id`, `first_name`, `last_name`, `career`, `date_of_birth`, `date_of_death`, `gender`, `photo`, `country_id`) VALUES (44, 'Alvera', 'White', 'ullam', '1995-10-29', '2001-05-14', 'm', 86, 58);
INSERT INTO `creators` (`id`, `first_name`, `last_name`, `career`, `date_of_birth`, `date_of_death`, `gender`, `photo`, `country_id`) VALUES (45, 'Stan', 'Stehr', 'odio', '1998-07-20', '1977-12-17', 'm', 129, 118);
INSERT INTO `creators` (`id`, `first_name`, `last_name`, `career`, `date_of_birth`, `date_of_death`, `gender`, `photo`, `country_id`) VALUES (46, 'Santina', 'Orn', 'numquam', '1991-01-06', '2007-03-05', 'f', 144, 106);
INSERT INTO `creators` (`id`, `first_name`, `last_name`, `career`, `date_of_birth`, `date_of_death`, `gender`, `photo`, `country_id`) VALUES (47, 'Anibal', 'Kulas', 'doloribus', '1984-03-22', '2020-10-04', 'f', 87, 73);
INSERT INTO `creators` (`id`, `first_name`, `last_name`, `career`, `date_of_birth`, `date_of_death`, `gender`, `photo`, `country_id`) VALUES (48, 'Mae', 'Stiedemann', 'mollitia', '1984-01-03', '1979-09-18', 'm', 150, 44);
INSERT INTO `creators` (`id`, `first_name`, `last_name`, `career`, `date_of_birth`, `date_of_death`, `gender`, `photo`, `country_id`) VALUES (49, 'Jackeline', 'Littel', 'minus', '1985-03-15', '2003-12-22', 'm', 89, 111);
INSERT INTO `creators` (`id`, `first_name`, `last_name`, `career`, `date_of_birth`, `date_of_death`, `gender`, `photo`, `country_id`) VALUES (50, 'Alvina', 'Leuschke', 'tenetur', '1979-07-30', '1976-01-20', 'f', 33, 194);
INSERT INTO `creators` (`id`, `first_name`, `last_name`, `career`, `date_of_birth`, `date_of_death`, `gender`, `photo`, `country_id`) VALUES (51, 'Madaline', 'Brekke', 'dolore', '2013-10-24', '1976-04-17', 'm', 121, 188);
INSERT INTO `creators` (`id`, `first_name`, `last_name`, `career`, `date_of_birth`, `date_of_death`, `gender`, `photo`, `country_id`) VALUES (52, 'Marilyne', 'West', 'architecto', '2016-03-13', '1980-05-12', 'f', 89, 186);
INSERT INTO `creators` (`id`, `first_name`, `last_name`, `career`, `date_of_birth`, `date_of_death`, `gender`, `photo`, `country_id`) VALUES (53, 'Nadia', 'Konopelski', 'labore', '1982-03-23', '1988-02-12', 'm', 98, 196);
INSERT INTO `creators` (`id`, `first_name`, `last_name`, `career`, `date_of_birth`, `date_of_death`, `gender`, `photo`, `country_id`) VALUES (54, 'Ronny', 'Johnston', 'officia', '1986-12-17', '1981-02-27', 'm', 138, 27);
INSERT INTO `creators` (`id`, `first_name`, `last_name`, `career`, `date_of_birth`, `date_of_death`, `gender`, `photo`, `country_id`) VALUES (55, 'Alisha', 'Schimmel', 'accusantium', '2014-03-06', '2008-04-23', 'f', 40, 189);
INSERT INTO `creators` (`id`, `first_name`, `last_name`, `career`, `date_of_birth`, `date_of_death`, `gender`, `photo`, `country_id`) VALUES (56, 'Wava', 'Cole', 'voluptas', '1993-06-24', '1989-02-10', 'f', 119, 34);
INSERT INTO `creators` (`id`, `first_name`, `last_name`, `career`, `date_of_birth`, `date_of_death`, `gender`, `photo`, `country_id`) VALUES (57, 'Gaetano', 'Hamill', 'optio', '2011-08-14', '2011-09-25', 'f', 21, 39);
INSERT INTO `creators` (`id`, `first_name`, `last_name`, `career`, `date_of_birth`, `date_of_death`, `gender`, `photo`, `country_id`) VALUES (58, 'Jada', 'DuBuque', 'similique', '1985-05-20', '1980-03-05', 'm', 62, 63);
INSERT INTO `creators` (`id`, `first_name`, `last_name`, `career`, `date_of_birth`, `date_of_death`, `gender`, `photo`, `country_id`) VALUES (59, 'Hoyt', 'Moore', 'aut', '2010-07-09', '1971-10-30', 'm', 131, 147);
INSERT INTO `creators` (`id`, `first_name`, `last_name`, `career`, `date_of_birth`, `date_of_death`, `gender`, `photo`, `country_id`) VALUES (60, 'Cassidy', 'Christiansen', 'vel', '1987-10-30', '2019-10-28', 'f', 65, 147);
INSERT INTO `creators` (`id`, `first_name`, `last_name`, `career`, `date_of_birth`, `date_of_death`, `gender`, `photo`, `country_id`) VALUES (61, 'Deion', 'Abbott', 'aut', '1976-08-02', '1980-10-19', 'm', 2, 167);
INSERT INTO `creators` (`id`, `first_name`, `last_name`, `career`, `date_of_birth`, `date_of_death`, `gender`, `photo`, `country_id`) VALUES (62, 'Destany', 'Ritchie', 'maiores', '1981-07-31', '1971-07-27', 'm', 77, 60);
INSERT INTO `creators` (`id`, `first_name`, `last_name`, `career`, `date_of_birth`, `date_of_death`, `gender`, `photo`, `country_id`) VALUES (63, 'Samara', 'Eichmann', 'aut', '2004-10-03', '1997-02-11', 'f', 54, 182);
INSERT INTO `creators` (`id`, `first_name`, `last_name`, `career`, `date_of_birth`, `date_of_death`, `gender`, `photo`, `country_id`) VALUES (64, 'Arlene', 'Bauch', 'aut', '1990-06-15', '1994-10-14', 'f', 131, 149);
INSERT INTO `creators` (`id`, `first_name`, `last_name`, `career`, `date_of_birth`, `date_of_death`, `gender`, `photo`, `country_id`) VALUES (65, 'Garnett', 'Mertz', 'labore', '2021-04-04', '1985-05-05', 'm', 17, 222);
INSERT INTO `creators` (`id`, `first_name`, `last_name`, `career`, `date_of_birth`, `date_of_death`, `gender`, `photo`, `country_id`) VALUES (66, 'Ettie', 'Kiehn', 'et', '1991-12-05', '2002-09-11', 'f', 61, 85);
INSERT INTO `creators` (`id`, `first_name`, `last_name`, `career`, `date_of_birth`, `date_of_death`, `gender`, `photo`, `country_id`) VALUES (67, 'Nils', 'Quigley', 'dolores', '1970-06-21', '2004-01-31', 'm', 38, 41);
INSERT INTO `creators` (`id`, `first_name`, `last_name`, `career`, `date_of_birth`, `date_of_death`, `gender`, `photo`, `country_id`) VALUES (68, 'Cassie', 'Tromp', 'aut', '1973-08-11', '1988-06-17', 'f', 60, 58);
INSERT INTO `creators` (`id`, `first_name`, `last_name`, `career`, `date_of_birth`, `date_of_death`, `gender`, `photo`, `country_id`) VALUES (69, 'Annabell', 'Moen', 'dignissimos', '1975-03-11', '2006-02-06', 'm', 121, 218);
INSERT INTO `creators` (`id`, `first_name`, `last_name`, `career`, `date_of_birth`, `date_of_death`, `gender`, `photo`, `country_id`) VALUES (70, 'Willy', 'Leannon', 'quis', '1972-02-23', '2005-06-26', 'f', 52, 184);
INSERT INTO `creators` (`id`, `first_name`, `last_name`, `career`, `date_of_birth`, `date_of_death`, `gender`, `photo`, `country_id`) VALUES (71, 'Sigurd', 'Mertz', 'eligendi', '1985-06-23', '2013-06-11', 'm', 4, 147);
INSERT INTO `creators` (`id`, `first_name`, `last_name`, `career`, `date_of_birth`, `date_of_death`, `gender`, `photo`, `country_id`) VALUES (72, 'Marietta', 'Ondricka', 'illum', '1994-06-18', '2000-11-22', 'm', 27, 227);
INSERT INTO `creators` (`id`, `first_name`, `last_name`, `career`, `date_of_birth`, `date_of_death`, `gender`, `photo`, `country_id`) VALUES (73, 'Orland', 'Carroll', 'est', '1987-11-01', '1991-10-27', 'f', 124, 151);
INSERT INTO `creators` (`id`, `first_name`, `last_name`, `career`, `date_of_birth`, `date_of_death`, `gender`, `photo`, `country_id`) VALUES (74, 'Eriberto', 'Cronin', 'voluptas', '1970-10-08', '1979-01-21', 'f', 145, 147);
INSERT INTO `creators` (`id`, `first_name`, `last_name`, `career`, `date_of_birth`, `date_of_death`, `gender`, `photo`, `country_id`) VALUES (75, 'Janae', 'Hirthe', 'vero', '2012-04-07', '1993-01-21', 'f', 14, 209);
INSERT INTO `creators` (`id`, `first_name`, `last_name`, `career`, `date_of_birth`, `date_of_death`, `gender`, `photo`, `country_id`) VALUES (76, 'Noe', 'Cormier', 'ut', '2000-12-07', '1984-04-16', 'f', 71, 31);
INSERT INTO `creators` (`id`, `first_name`, `last_name`, `career`, `date_of_birth`, `date_of_death`, `gender`, `photo`, `country_id`) VALUES (77, 'Justen', 'Cruickshank', 'dicta', '1978-12-21', '2017-11-27', 'f', 112, 152);
INSERT INTO `creators` (`id`, `first_name`, `last_name`, `career`, `date_of_birth`, `date_of_death`, `gender`, `photo`, `country_id`) VALUES (78, 'Luz', 'Ward', 'nulla', '1991-02-03', '2005-09-04', 'f', 126, 26);
INSERT INTO `creators` (`id`, `first_name`, `last_name`, `career`, `date_of_birth`, `date_of_death`, `gender`, `photo`, `country_id`) VALUES (79, 'Josiah', 'Mohr', 'reprehenderit', '2020-02-10', '2017-11-18', 'm', 119, 176);
INSERT INTO `creators` (`id`, `first_name`, `last_name`, `career`, `date_of_birth`, `date_of_death`, `gender`, `photo`, `country_id`) VALUES (80, 'Casandra', 'Rutherford', 'qui', '1970-04-03', '1992-03-26', 'm', 28, 223);
INSERT INTO `creators` (`id`, `first_name`, `last_name`, `career`, `date_of_birth`, `date_of_death`, `gender`, `photo`, `country_id`) VALUES (81, 'Stella', 'Steuber', 'pariatur', '1980-07-19', '1986-10-12', 'm', 114, 177);
INSERT INTO `creators` (`id`, `first_name`, `last_name`, `career`, `date_of_birth`, `date_of_death`, `gender`, `photo`, `country_id`) VALUES (82, 'Elouise', 'Dickens', 'dolorum', '1973-01-07', '2016-01-15', 'f', 38, 122);
INSERT INTO `creators` (`id`, `first_name`, `last_name`, `career`, `date_of_birth`, `date_of_death`, `gender`, `photo`, `country_id`) VALUES (83, 'Viviane', 'Kuhic', 'nostrum', '1993-10-11', '2012-01-20', 'm', 64, 203);
INSERT INTO `creators` (`id`, `first_name`, `last_name`, `career`, `date_of_birth`, `date_of_death`, `gender`, `photo`, `country_id`) VALUES (84, 'Freeda', 'Bartoletti', 'suscipit', '2019-06-21', '1985-03-17', 'f', 150, 197);
INSERT INTO `creators` (`id`, `first_name`, `last_name`, `career`, `date_of_birth`, `date_of_death`, `gender`, `photo`, `country_id`) VALUES (85, 'Stephanie', 'Marks', 'et', '2010-12-29', '2012-07-22', 'm', 87, 181);
INSERT INTO `creators` (`id`, `first_name`, `last_name`, `career`, `date_of_birth`, `date_of_death`, `gender`, `photo`, `country_id`) VALUES (86, 'Yazmin', 'Mertz', 'molestiae', '1978-08-12', '2011-12-28', 'f', 59, 64);
INSERT INTO `creators` (`id`, `first_name`, `last_name`, `career`, `date_of_birth`, `date_of_death`, `gender`, `photo`, `country_id`) VALUES (87, 'Felicity', 'Satterfield', 'et', '1976-12-03', '2006-07-19', 'f', 101, 215);
INSERT INTO `creators` (`id`, `first_name`, `last_name`, `career`, `date_of_birth`, `date_of_death`, `gender`, `photo`, `country_id`) VALUES (88, 'Marisol', 'Botsford', 'maxime', '1973-07-31', '2021-01-29', 'f', 89, 63);
INSERT INTO `creators` (`id`, `first_name`, `last_name`, `career`, `date_of_birth`, `date_of_death`, `gender`, `photo`, `country_id`) VALUES (89, 'Dayton', 'Blanda', 'a', '2010-03-22', '2006-04-02', 'm', 41, 147);
INSERT INTO `creators` (`id`, `first_name`, `last_name`, `career`, `date_of_birth`, `date_of_death`, `gender`, `photo`, `country_id`) VALUES (90, 'Art', 'Cartwright', 'vero', '2017-08-03', '1977-11-01', 'm', 42, 97);
INSERT INTO `creators` (`id`, `first_name`, `last_name`, `career`, `date_of_birth`, `date_of_death`, `gender`, `photo`, `country_id`) VALUES (91, 'Jed', 'Bernier', 'deserunt', '2020-03-11', '2017-06-24', 'f', 93, 65);
INSERT INTO `creators` (`id`, `first_name`, `last_name`, `career`, `date_of_birth`, `date_of_death`, `gender`, `photo`, `country_id`) VALUES (92, 'Junius', 'Kihn', 'aut', '2017-01-08', '2007-11-30', 'f', 62, 5);
INSERT INTO `creators` (`id`, `first_name`, `last_name`, `career`, `date_of_birth`, `date_of_death`, `gender`, `photo`, `country_id`) VALUES (93, 'Jessika', 'Schaefer', 'nesciunt', '1982-12-12', '1980-11-07', 'm', 99, 59);
INSERT INTO `creators` (`id`, `first_name`, `last_name`, `career`, `date_of_birth`, `date_of_death`, `gender`, `photo`, `country_id`) VALUES (94, 'Margie', 'Kuphal', 'voluptates', '2016-01-23', '2006-02-03', 'm', 86, 171);
INSERT INTO `creators` (`id`, `first_name`, `last_name`, `career`, `date_of_birth`, `date_of_death`, `gender`, `photo`, `country_id`) VALUES (95, 'Heidi', 'McClure', 'quis', '1987-01-29', '1992-04-27', 'm', 80, 231);
INSERT INTO `creators` (`id`, `first_name`, `last_name`, `career`, `date_of_birth`, `date_of_death`, `gender`, `photo`, `country_id`) VALUES (96, 'Eladio', 'Emmerich', 'est', '1997-06-06', '2010-09-18', 'm', 148, 233);
INSERT INTO `creators` (`id`, `first_name`, `last_name`, `career`, `date_of_birth`, `date_of_death`, `gender`, `photo`, `country_id`) VALUES (97, 'Enrique', 'Pfannerstill', 'corporis', '1983-10-22', '1981-04-02', 'm', 24, 56);
INSERT INTO `creators` (`id`, `first_name`, `last_name`, `career`, `date_of_birth`, `date_of_death`, `gender`, `photo`, `country_id`) VALUES (98, 'Jermaine', 'Harris', 'numquam', '1993-09-30', '1980-04-11', 'm', 26, 221);
INSERT INTO `creators` (`id`, `first_name`, `last_name`, `career`, `date_of_birth`, `date_of_death`, `gender`, `photo`, `country_id`) VALUES (99, 'Isaias', 'Hane', 'repellat', '1994-05-30', '2010-06-18', 'f', 133, 137);
INSERT INTO `creators` (`id`, `first_name`, `last_name`, `career`, `date_of_birth`, `date_of_death`, `gender`, `photo`, `country_id`) VALUES (100, 'Fabiola', 'Lockman', 'voluptatem', '1971-06-10', '1976-06-11', 'm', 144, 56);


#
# TABLE STRUCTURE FOR: friends
#

DROP TABLE IF EXISTS `friends`;

CREATE TABLE `friends` (
  `friend_id` int(10) unsigned NOT NULL,
  `target_id` int(10) unsigned NOT NULL
) ENGINE=InnoDB DEFAULT CHARSET=utf8mb4 COLLATE=utf8mb4_unicode_ci;

INSERT INTO `friends` (`friend_id`, `target_id`) VALUES (27, 43);
INSERT INTO `friends` (`friend_id`, `target_id`) VALUES (84, 84);
INSERT INTO `friends` (`friend_id`, `target_id`) VALUES (60, 92);
INSERT INTO `friends` (`friend_id`, `target_id`) VALUES (82, 26);
INSERT INTO `friends` (`friend_id`, `target_id`) VALUES (66, 98);
INSERT INTO `friends` (`friend_id`, `target_id`) VALUES (7, 53);
INSERT INTO `friends` (`friend_id`, `target_id`) VALUES (2, 82);
INSERT INTO `friends` (`friend_id`, `target_id`) VALUES (8, 51);
INSERT INTO `friends` (`friend_id`, `target_id`) VALUES (4, 36);
INSERT INTO `friends` (`friend_id`, `target_id`) VALUES (83, 23);
INSERT INTO `friends` (`friend_id`, `target_id`) VALUES (76, 30);
INSERT INTO `friends` (`friend_id`, `target_id`) VALUES (40, 54);
INSERT INTO `friends` (`friend_id`, `target_id`) VALUES (81, 63);
INSERT INTO `friends` (`friend_id`, `target_id`) VALUES (53, 76);
INSERT INTO `friends` (`friend_id`, `target_id`) VALUES (95, 2);
INSERT INTO `friends` (`friend_id`, `target_id`) VALUES (73, 77);
INSERT INTO `friends` (`friend_id`, `target_id`) VALUES (49, 31);
INSERT INTO `friends` (`friend_id`, `target_id`) VALUES (39, 6);
INSERT INTO `friends` (`friend_id`, `target_id`) VALUES (5, 94);
INSERT INTO `friends` (`friend_id`, `target_id`) VALUES (51, 53);
INSERT INTO `friends` (`friend_id`, `target_id`) VALUES (87, 4);
INSERT INTO `friends` (`friend_id`, `target_id`) VALUES (21, 66);
INSERT INTO `friends` (`friend_id`, `target_id`) VALUES (50, 64);
INSERT INTO `friends` (`friend_id`, `target_id`) VALUES (30, 4);
INSERT INTO `friends` (`friend_id`, `target_id`) VALUES (41, 5);
INSERT INTO `friends` (`friend_id`, `target_id`) VALUES (58, 95);
INSERT INTO `friends` (`friend_id`, `target_id`) VALUES (71, 71);
INSERT INTO `friends` (`friend_id`, `target_id`) VALUES (3, 100);
INSERT INTO `friends` (`friend_id`, `target_id`) VALUES (64, 54);
INSERT INTO `friends` (`friend_id`, `target_id`) VALUES (74, 48);
INSERT INTO `friends` (`friend_id`, `target_id`) VALUES (98, 18);
INSERT INTO `friends` (`friend_id`, `target_id`) VALUES (63, 38);
INSERT INTO `friends` (`friend_id`, `target_id`) VALUES (91, 35);
INSERT INTO `friends` (`friend_id`, `target_id`) VALUES (70, 27);
INSERT INTO `friends` (`friend_id`, `target_id`) VALUES (61, 12);
INSERT INTO `friends` (`friend_id`, `target_id`) VALUES (68, 85);
INSERT INTO `friends` (`friend_id`, `target_id`) VALUES (96, 64);
INSERT INTO `friends` (`friend_id`, `target_id`) VALUES (18, 73);
INSERT INTO `friends` (`friend_id`, `target_id`) VALUES (89, 22);
INSERT INTO `friends` (`friend_id`, `target_id`) VALUES (78, 11);
INSERT INTO `friends` (`friend_id`, `target_id`) VALUES (90, 88);
INSERT INTO `friends` (`friend_id`, `target_id`) VALUES (48, 32);
INSERT INTO `friends` (`friend_id`, `target_id`) VALUES (26, 67);
INSERT INTO `friends` (`friend_id`, `target_id`) VALUES (77, 73);
INSERT INTO `friends` (`friend_id`, `target_id`) VALUES (37, 49);
INSERT INTO `friends` (`friend_id`, `target_id`) VALUES (24, 6);
INSERT INTO `friends` (`friend_id`, `target_id`) VALUES (13, 9);
INSERT INTO `friends` (`friend_id`, `target_id`) VALUES (99, 72);
INSERT INTO `friends` (`friend_id`, `target_id`) VALUES (32, 2);
INSERT INTO `friends` (`friend_id`, `target_id`) VALUES (47, 17);
INSERT INTO `friends` (`friend_id`, `target_id`) VALUES (75, 27);
INSERT INTO `friends` (`friend_id`, `target_id`) VALUES (45, 55);
INSERT INTO `friends` (`friend_id`, `target_id`) VALUES (11, 83);
INSERT INTO `friends` (`friend_id`, `target_id`) VALUES (6, 72);
INSERT INTO `friends` (`friend_id`, `target_id`) VALUES (67, 30);
INSERT INTO `friends` (`friend_id`, `target_id`) VALUES (100, 16);
INSERT INTO `friends` (`friend_id`, `target_id`) VALUES (23, 75);
INSERT INTO `friends` (`friend_id`, `target_id`) VALUES (14, 20);
INSERT INTO `friends` (`friend_id`, `target_id`) VALUES (42, 38);
INSERT INTO `friends` (`friend_id`, `target_id`) VALUES (10, 68);
INSERT INTO `friends` (`friend_id`, `target_id`) VALUES (1, 17);
INSERT INTO `friends` (`friend_id`, `target_id`) VALUES (15, 82);
INSERT INTO `friends` (`friend_id`, `target_id`) VALUES (80, 12);
INSERT INTO `friends` (`friend_id`, `target_id`) VALUES (38, 35);
INSERT INTO `friends` (`friend_id`, `target_id`) VALUES (33, 50);
INSERT INTO `friends` (`friend_id`, `target_id`) VALUES (86, 48);
INSERT INTO `friends` (`friend_id`, `target_id`) VALUES (44, 53);
INSERT INTO `friends` (`friend_id`, `target_id`) VALUES (22, 31);
INSERT INTO `friends` (`friend_id`, `target_id`) VALUES (28, 72);
INSERT INTO `friends` (`friend_id`, `target_id`) VALUES (59, 39);
INSERT INTO `friends` (`friend_id`, `target_id`) VALUES (55, 15);
INSERT INTO `friends` (`friend_id`, `target_id`) VALUES (52, 99);
INSERT INTO `friends` (`friend_id`, `target_id`) VALUES (12, 60);
INSERT INTO `friends` (`friend_id`, `target_id`) VALUES (57, 95);
INSERT INTO `friends` (`friend_id`, `target_id`) VALUES (72, 26);
INSERT INTO `friends` (`friend_id`, `target_id`) VALUES (65, 29);
INSERT INTO `friends` (`friend_id`, `target_id`) VALUES (29, 35);
INSERT INTO `friends` (`friend_id`, `target_id`) VALUES (93, 62);
INSERT INTO `friends` (`friend_id`, `target_id`) VALUES (35, 21);
INSERT INTO `friends` (`friend_id`, `target_id`) VALUES (9, 94);
INSERT INTO `friends` (`friend_id`, `target_id`) VALUES (17, 94);
INSERT INTO `friends` (`friend_id`, `target_id`) VALUES (69, 64);
INSERT INTO `friends` (`friend_id`, `target_id`) VALUES (79, 24);
INSERT INTO `friends` (`friend_id`, `target_id`) VALUES (34, 89);
INSERT INTO `friends` (`friend_id`, `target_id`) VALUES (62, 43);
INSERT INTO `friends` (`friend_id`, `target_id`) VALUES (88, 20);
INSERT INTO `friends` (`friend_id`, `target_id`) VALUES (46, 35);
INSERT INTO `friends` (`friend_id`, `target_id`) VALUES (43, 43);
INSERT INTO `friends` (`friend_id`, `target_id`) VALUES (20, 13);
INSERT INTO `friends` (`friend_id`, `target_id`) VALUES (31, 55);
INSERT INTO `friends` (`friend_id`, `target_id`) VALUES (16, 9);
INSERT INTO `friends` (`friend_id`, `target_id`) VALUES (97, 30);
INSERT INTO `friends` (`friend_id`, `target_id`) VALUES (54, 89);
INSERT INTO `friends` (`friend_id`, `target_id`) VALUES (56, 14);
INSERT INTO `friends` (`friend_id`, `target_id`) VALUES (25, 93);
INSERT INTO `friends` (`friend_id`, `target_id`) VALUES (36, 47);
INSERT INTO `friends` (`friend_id`, `target_id`) VALUES (19, 49);
INSERT INTO `friends` (`friend_id`, `target_id`) VALUES (94, 76);
INSERT INTO `friends` (`friend_id`, `target_id`) VALUES (92, 23);
INSERT INTO `friends` (`friend_id`, `target_id`) VALUES (85, 69);


# TABLE STRUCTURE FOR: header_country
#

DROP TABLE IF EXISTS `header_country`;

CREATE TABLE `header_country` (
  `id` int(10) unsigned NOT NULL AUTO_INCREMENT,
  `films_id` int(10) unsigned DEFAULT NULL,
  `country_id` int(10) unsigned DEFAULT NULL,
  PRIMARY KEY (`id`)
) ENGINE=InnoDB AUTO_INCREMENT=101 DEFAULT CHARSET=utf8mb4 COLLATE=utf8mb4_unicode_ci;

INSERT INTO `header_country` (`id`, `films_id`, `country_id`) VALUES (1, 28, 74);
INSERT INTO `header_country` (`id`, `films_id`, `country_id`) VALUES (2, 70, 16);
INSERT INTO `header_country` (`id`, `films_id`, `country_id`) VALUES (3, 1, 53);
INSERT INTO `header_country` (`id`, `films_id`, `country_id`) VALUES (4, 70, 84);
INSERT INTO `header_country` (`id`, `films_id`, `country_id`) VALUES (5, 47, 84);
INSERT INTO `header_country` (`id`, `films_id`, `country_id`) VALUES (6, 26, 57);
INSERT INTO `header_country` (`id`, `films_id`, `country_id`) VALUES (7, 8, 91);
INSERT INTO `header_country` (`id`, `films_id`, `country_id`) VALUES (8, 15, 21);
INSERT INTO `header_country` (`id`, `films_id`, `country_id`) VALUES (9, 13, 61);
INSERT INTO `header_country` (`id`, `films_id`, `country_id`) VALUES (10, 47, 46);
INSERT INTO `header_country` (`id`, `films_id`, `country_id`) VALUES (11, 10, 44);
INSERT INTO `header_country` (`id`, `films_id`, `country_id`) VALUES (12, 82, 64);
INSERT INTO `header_country` (`id`, `films_id`, `country_id`) VALUES (13, 44, 85);
INSERT INTO `header_country` (`id`, `films_id`, `country_id`) VALUES (14, 16, 76);
INSERT INTO `header_country` (`id`, `films_id`, `country_id`) VALUES (15, 37, 43);
INSERT INTO `header_country` (`id`, `films_id`, `country_id`) VALUES (16, 59, 16);
INSERT INTO `header_country` (`id`, `films_id`, `country_id`) VALUES (17, 43, 77);
INSERT INTO `header_country` (`id`, `films_id`, `country_id`) VALUES (18, 44, 56);
INSERT INTO `header_country` (`id`, `films_id`, `country_id`) VALUES (19, 40, 94);
INSERT INTO `header_country` (`id`, `films_id`, `country_id`) VALUES (20, 38, 27);
INSERT INTO `header_country` (`id`, `films_id`, `country_id`) VALUES (21, 1, 54);
INSERT INTO `header_country` (`id`, `films_id`, `country_id`) VALUES (22, 5, 1);
INSERT INTO `header_country` (`id`, `films_id`, `country_id`) VALUES (23, 76, 39);
INSERT INTO `header_country` (`id`, `films_id`, `country_id`) VALUES (24, 98, 57);
INSERT INTO `header_country` (`id`, `films_id`, `country_id`) VALUES (25, 1, 89);
INSERT INTO `header_country` (`id`, `films_id`, `country_id`) VALUES (26, 56, 6);
INSERT INTO `header_country` (`id`, `films_id`, `country_id`) VALUES (27, 39, 54);
INSERT INTO `header_country` (`id`, `films_id`, `country_id`) VALUES (28, 78, 93);
INSERT INTO `header_country` (`id`, `films_id`, `country_id`) VALUES (29, 14, 61);
INSERT INTO `header_country` (`id`, `films_id`, `country_id`) VALUES (30, 87, 60);
INSERT INTO `header_country` (`id`, `films_id`, `country_id`) VALUES (31, 57, 35);
INSERT INTO `header_country` (`id`, `films_id`, `country_id`) VALUES (32, 84, 7);
INSERT INTO `header_country` (`id`, `films_id`, `country_id`) VALUES (33, 77, 99);
INSERT INTO `header_country` (`id`, `films_id`, `country_id`) VALUES (34, 80, 55);
INSERT INTO `header_country` (`id`, `films_id`, `country_id`) VALUES (35, 51, 97);
INSERT INTO `header_country` (`id`, `films_id`, `country_id`) VALUES (36, 7, 71);
INSERT INTO `header_country` (`id`, `films_id`, `country_id`) VALUES (37, 86, 64);
INSERT INTO `header_country` (`id`, `films_id`, `country_id`) VALUES (38, 28, 61);
INSERT INTO `header_country` (`id`, `films_id`, `country_id`) VALUES (39, 67, 74);
INSERT INTO `header_country` (`id`, `films_id`, `country_id`) VALUES (40, 14, 99);
INSERT INTO `header_country` (`id`, `films_id`, `country_id`) VALUES (41, 72, 67);
INSERT INTO `header_country` (`id`, `films_id`, `country_id`) VALUES (42, 71, 40);
INSERT INTO `header_country` (`id`, `films_id`, `country_id`) VALUES (43, 54, 57);
INSERT INTO `header_country` (`id`, `films_id`, `country_id`) VALUES (44, 2, 76);
INSERT INTO `header_country` (`id`, `films_id`, `country_id`) VALUES (45, 14, 44);
INSERT INTO `header_country` (`id`, `films_id`, `country_id`) VALUES (46, 17, 78);
INSERT INTO `header_country` (`id`, `films_id`, `country_id`) VALUES (47, 20, 57);
INSERT INTO `header_country` (`id`, `films_id`, `country_id`) VALUES (48, 97, 46);
INSERT INTO `header_country` (`id`, `films_id`, `country_id`) VALUES (49, 30, 95);
INSERT INTO `header_country` (`id`, `films_id`, `country_id`) VALUES (50, 61, 96);
INSERT INTO `header_country` (`id`, `films_id`, `country_id`) VALUES (51, 21, 84);
INSERT INTO `header_country` (`id`, `films_id`, `country_id`) VALUES (52, 96, 84);
INSERT INTO `header_country` (`id`, `films_id`, `country_id`) VALUES (53, 75, 5);
INSERT INTO `header_country` (`id`, `films_id`, `country_id`) VALUES (54, 95, 22);
INSERT INTO `header_country` (`id`, `films_id`, `country_id`) VALUES (55, 55, 23);
INSERT INTO `header_country` (`id`, `films_id`, `country_id`) VALUES (56, 63, 82);
INSERT INTO `header_country` (`id`, `films_id`, `country_id`) VALUES (57, 29, 100);
INSERT INTO `header_country` (`id`, `films_id`, `country_id`) VALUES (58, 69, 12);
INSERT INTO `header_country` (`id`, `films_id`, `country_id`) VALUES (59, 56, 3);
INSERT INTO `header_country` (`id`, `films_id`, `country_id`) VALUES (60, 12, 33);
INSERT INTO `header_country` (`id`, `films_id`, `country_id`) VALUES (61, 57, 49);
INSERT INTO `header_country` (`id`, `films_id`, `country_id`) VALUES (62, 62, 62);
INSERT INTO `header_country` (`id`, `films_id`, `country_id`) VALUES (63, 2, 39);
INSERT INTO `header_country` (`id`, `films_id`, `country_id`) VALUES (64, 51, 67);
INSERT INTO `header_country` (`id`, `films_id`, `country_id`) VALUES (65, 9, 42);
INSERT INTO `header_country` (`id`, `films_id`, `country_id`) VALUES (66, 72, 37);
INSERT INTO `header_country` (`id`, `films_id`, `country_id`) VALUES (67, 2, 31);
INSERT INTO `header_country` (`id`, `films_id`, `country_id`) VALUES (68, 9, 24);
INSERT INTO `header_country` (`id`, `films_id`, `country_id`) VALUES (69, 89, 25);
INSERT INTO `header_country` (`id`, `films_id`, `country_id`) VALUES (70, 61, 6);
INSERT INTO `header_country` (`id`, `films_id`, `country_id`) VALUES (71, 47, 69);
INSERT INTO `header_country` (`id`, `films_id`, `country_id`) VALUES (72, 88, 89);
INSERT INTO `header_country` (`id`, `films_id`, `country_id`) VALUES (73, 31, 59);
INSERT INTO `header_country` (`id`, `films_id`, `country_id`) VALUES (74, 29, 86);
INSERT INTO `header_country` (`id`, `films_id`, `country_id`) VALUES (75, 66, 44);
INSERT INTO `header_country` (`id`, `films_id`, `country_id`) VALUES (76, 46, 74);
INSERT INTO `header_country` (`id`, `films_id`, `country_id`) VALUES (77, 84, 43);
INSERT INTO `header_country` (`id`, `films_id`, `country_id`) VALUES (78, 92, 54);
INSERT INTO `header_country` (`id`, `films_id`, `country_id`) VALUES (79, 42, 28);
INSERT INTO `header_country` (`id`, `films_id`, `country_id`) VALUES (80, 15, 7);
INSERT INTO `header_country` (`id`, `films_id`, `country_id`) VALUES (81, 16, 38);
INSERT INTO `header_country` (`id`, `films_id`, `country_id`) VALUES (82, 32, 56);
INSERT INTO `header_country` (`id`, `films_id`, `country_id`) VALUES (83, 56, 82);
INSERT INTO `header_country` (`id`, `films_id`, `country_id`) VALUES (84, 18, 77);
INSERT INTO `header_country` (`id`, `films_id`, `country_id`) VALUES (85, 99, 87);
INSERT INTO `header_country` (`id`, `films_id`, `country_id`) VALUES (86, 82, 86);
INSERT INTO `header_country` (`id`, `films_id`, `country_id`) VALUES (87, 37, 23);
INSERT INTO `header_country` (`id`, `films_id`, `country_id`) VALUES (88, 99, 94);
INSERT INTO `header_country` (`id`, `films_id`, `country_id`) VALUES (89, 89, 53);
INSERT INTO `header_country` (`id`, `films_id`, `country_id`) VALUES (90, 31, 65);
INSERT INTO `header_country` (`id`, `films_id`, `country_id`) VALUES (91, 71, 22);
INSERT INTO `header_country` (`id`, `films_id`, `country_id`) VALUES (92, 32, 34);
INSERT INTO `header_country` (`id`, `films_id`, `country_id`) VALUES (93, 95, 79);
INSERT INTO `header_country` (`id`, `films_id`, `country_id`) VALUES (94, 74, 89);
INSERT INTO `header_country` (`id`, `films_id`, `country_id`) VALUES (95, 46, 81);
INSERT INTO `header_country` (`id`, `films_id`, `country_id`) VALUES (96, 80, 70);
INSERT INTO `header_country` (`id`, `films_id`, `country_id`) VALUES (97, 98, 62);
INSERT INTO `header_country` (`id`, `films_id`, `country_id`) VALUES (98, 5, 67);
INSERT INTO `header_country` (`id`, `films_id`, `country_id`) VALUES (99, 100, 60);
INSERT INTO `header_country` (`id`, `films_id`, `country_id`) VALUES (100, 77, 73);


#
# TABLE STRUCTURE FOR: header_info
#

DROP TABLE IF EXISTS `header_info`;

CREATE TABLE `header_info` (
  `id` int(10) unsigned NOT NULL,
  `header_id` int(10) unsigned NOT NULL,
  `header_type_id` int(10) unsigned NOT NULL,
  `poster` int(10) unsigned DEFAULT 2,
  `tagline` varchar(200) COLLATE utf8mb4_unicode_ci NOT NULL,
  `synopsis` varchar(500) COLLATE utf8mb4_unicode_ci NOT NULL,
  `release_date` date DEFAULT NULL,
  `rars` enum('0+','6+','12+','16+','18+','NR') COLLATE utf8mb4_unicode_ci DEFAULT 'NR',
  PRIMARY KEY (`id`)
) ENGINE=InnoDB DEFAULT CHARSET=utf8mb4 COLLATE=utf8mb4_unicode_ci;

INSERT INTO `header_info` (`id`, `header_id`, `header_type_id`, `poster`, `tagline`, `synopsis`, `release_date`, `rars`) VALUES (1, 18, 3, 137, 'Et deleniti nostrum similique est. Eos incidunt id debitis excepturi nihil aut. Aut numquam sit nam laborum ipsam facilis. Enim sed saepe necessitatibus repellendus. Maxime vel asperiores ab sint vel ', 'Deserunt delectus est quo iure excepturi.', '2010-04-13', '0+');
INSERT INTO `header_info` (`id`, `header_id`, `header_type_id`, `poster`, `tagline`, `synopsis`, `release_date`, `rars`) VALUES (2, 59, 5, 21, 'Reiciendis voluptatem ea non quis. Saepe consequatur cum vitae unde aliquid suscipit. Excepturi quo veritatis quia eius fuga.', 'Omnis rerum quia debitis maxime quam.', '2013-12-12', '0+');
INSERT INTO `header_info` (`id`, `header_id`, `header_type_id`, `poster`, `tagline`, `synopsis`, `release_date`, `rars`) VALUES (3, 19, 6, 51, 'Ut eius recusandae sit odio aut accusantium. Et officiis delectus sint nemo. Eligendi necessitatibus illo totam ratione.', 'Aspernatur alias aliquam quasi rem beatae.', '2015-04-30', '16+');
INSERT INTO `header_info` (`id`, `header_id`, `header_type_id`, `poster`, `tagline`, `synopsis`, `release_date`, `rars`) VALUES (4, 88, 3, 77, 'Et minus suscipit omnis. Aliquid et voluptatem omnis sit. Nostrum aliquam et ea ipsum necessitatibus atque quisquam voluptas. Itaque voluptatibus voluptas eligendi. Aut autem autem error tenetur ipsam', 'Incidunt doloribus animi sapiente quo sit praesentium veritatis.', '1993-02-26', '12+');
INSERT INTO `header_info` (`id`, `header_id`, `header_type_id`, `poster`, `tagline`, `synopsis`, `release_date`, `rars`) VALUES (5, 31, 6, 140, 'Itaque nisi minus reiciendis incidunt atque. Nulla ipsum in at labore est omnis aperiam. Et repudiandae deserunt in dolorem vero.', 'Quod odio ipsam qui.', '1978-09-12', 'NR');
INSERT INTO `header_info` (`id`, `header_id`, `header_type_id`, `poster`, `tagline`, `synopsis`, `release_date`, `rars`) VALUES (6, 67, 1, 45, 'Consequatur ab excepturi distinctio cumque doloribus sunt doloremque. Possimus aut perferendis beatae beatae dolorem tenetur repudiandae. A et illum numquam quo. Ea accusantium reprehenderit vel sed l', 'Ut autem animi voluptatem officiis quibusdam.', '1997-05-22', '12+');
INSERT INTO `header_info` (`id`, `header_id`, `header_type_id`, `poster`, `tagline`, `synopsis`, `release_date`, `rars`) VALUES (7, 87, 2, 34, 'Ipsa corporis illum itaque. Accusamus molestiae molestiae qui quo. Et id voluptas impedit ut quidem maiores veritatis. Provident vel sit neque.', 'Vero ipsa delectus enim.', '1976-12-13', '18+');
INSERT INTO `header_info` (`id`, `header_id`, `header_type_id`, `poster`, `tagline`, `synopsis`, `release_date`, `rars`) VALUES (8, 31, 3, 34, 'Autem aut alias non repudiandae. Magni quo incidunt dignissimos totam nihil ut.', 'Est libero modi quibusdam nihil animi.', '2003-02-01', '6+');
INSERT INTO `header_info` (`id`, `header_id`, `header_type_id`, `poster`, `tagline`, `synopsis`, `release_date`, `rars`) VALUES (9, 65, 2, 98, 'Non sunt perspiciatis consectetur et quis inventore. Deleniti quas officiis et dicta qui. Dolorum nihil sapiente repudiandae et quod velit nulla. Quo nihil atque repudiandae dolor eveniet et sit.', 'Ea eligendi harum dolorem quidem.', '1999-03-14', 'NR');
INSERT INTO `header_info` (`id`, `header_id`, `header_type_id`, `poster`, `tagline`, `synopsis`, `release_date`, `rars`) VALUES (10, 60, 2, 139, 'Ea blanditiis veniam temporibus. Est quia totam suscipit facilis voluptatum sint rem architecto. Eius sint non adipisci eos hic ex in. Qui et consectetur iure voluptatem. Ipsam quos recusandae reicien', 'Nam unde sit et voluptas mollitia.', '1989-10-27', '18+');
INSERT INTO `header_info` (`id`, `header_id`, `header_type_id`, `poster`, `tagline`, `synopsis`, `release_date`, `rars`) VALUES (11, 54, 2, 28, 'Laboriosam nostrum ipsam omnis eius illum tempore. Deleniti vel quia necessitatibus velit aut illo sed. Dolorum neque et qui ut. Molestias accusamus consequatur quas voluptatem et eum rem non.', 'Mollitia harum labore sit in.', '2001-08-11', '18+');
INSERT INTO `header_info` (`id`, `header_id`, `header_type_id`, `poster`, `tagline`, `synopsis`, `release_date`, `rars`) VALUES (12, 62, 2, 62, 'Voluptas ducimus placeat aliquid. At ullam ad ea accusantium praesentium cum. Qui sint ipsum et et corporis non. Quam praesentium doloremque numquam tenetur dolorum adipisci.', 'Quae fuga quam veritatis sunt et perspiciatis.', '1981-04-14', '18+');
INSERT INTO `header_info` (`id`, `header_id`, `header_type_id`, `poster`, `tagline`, `synopsis`, `release_date`, `rars`) VALUES (13, 32, 5, 143, 'Sapiente quibusdam magni beatae facilis quo autem. Et ex omnis ducimus iusto ipsam est magnam.', 'Quisquam vel eum facere sunt nisi.', '2007-03-01', '12+');
INSERT INTO `header_info` (`id`, `header_id`, `header_type_id`, `poster`, `tagline`, `synopsis`, `release_date`, `rars`) VALUES (14, 64, 1, 87, 'Reprehenderit dicta qui saepe ut. Ipsam sed quibusdam maxime exercitationem nihil et. Neque laudantium corporis non voluptatibus.', 'Quia consequatur et consectetur earum.', '1985-07-14', '18+');
INSERT INTO `header_info` (`id`, `header_id`, `header_type_id`, `poster`, `tagline`, `synopsis`, `release_date`, `rars`) VALUES (15, 79, 5, 29, 'Optio asperiores corrupti hic a. Rem ad dolorem consectetur non quo. Et quam quibusdam veritatis ipsam est animi nesciunt.', 'Qui impedit consequuntur vel magnam.', '2000-06-20', 'NR');
INSERT INTO `header_info` (`id`, `header_id`, `header_type_id`, `poster`, `tagline`, `synopsis`, `release_date`, `rars`) VALUES (16, 52, 2, 13, 'Voluptates inventore mollitia ea possimus sunt quaerat. Et non repudiandae tempora facere corrupti hic.', 'Officia quod dolorem debitis in.', '2004-01-17', 'NR');
INSERT INTO `header_info` (`id`, `header_id`, `header_type_id`, `poster`, `tagline`, `synopsis`, `release_date`, `rars`) VALUES (17, 33, 4, 46, 'Minus culpa libero temporibus totam vitae incidunt sit architecto. Quam aut sed sit vel. Iusto minus unde distinctio ad.', 'Exercitationem non non porro iusto quasi omnis voluptatem.', '1991-08-06', 'NR');
INSERT INTO `header_info` (`id`, `header_id`, `header_type_id`, `poster`, `tagline`, `synopsis`, `release_date`, `rars`) VALUES (18, 20, 4, 144, 'Ut quas voluptas sunt voluptas. Consequuntur reprehenderit a et et iste officia numquam. Et unde harum id sit.', 'Illum suscipit delectus consequatur hic molestias.', '1983-09-15', '16+');
INSERT INTO `header_info` (`id`, `header_id`, `header_type_id`, `poster`, `tagline`, `synopsis`, `release_date`, `rars`) VALUES (19, 56, 2, 69, 'Pariatur iure rerum commodi ratione est ex enim. Sunt distinctio nisi minima velit et id magnam. Est velit corrupti consequatur accusamus ratione.', 'Nostrum numquam iste illum soluta et.', '2002-02-19', '0+');
INSERT INTO `header_info` (`id`, `header_id`, `header_type_id`, `poster`, `tagline`, `synopsis`, `release_date`, `rars`) VALUES (20, 74, 2, 20, 'Doloremque blanditiis dolores voluptatem ratione et. Qui nam nam nemo veniam dolorem culpa. Dolore fuga pariatur quos voluptatibus fugit voluptas. Saepe est velit aut minus.', 'Sit accusantium veritatis est velit.', '1991-06-29', '18+');
INSERT INTO `header_info` (`id`, `header_id`, `header_type_id`, `poster`, `tagline`, `synopsis`, `release_date`, `rars`) VALUES (21, 14, 6, 103, 'Et suscipit occaecati quia sed nam. Temporibus quasi doloremque in est ab reiciendis voluptatem quasi. Aut eveniet in occaecati animi explicabo commodi.', 'Omnis amet quis quia doloremque nemo maxime veritatis et.', '2018-06-25', '12+');
INSERT INTO `header_info` (`id`, `header_id`, `header_type_id`, `poster`, `tagline`, `synopsis`, `release_date`, `rars`) VALUES (22, 13, 6, 98, 'Maiores aut voluptatem impedit. Placeat et perferendis dolore occaecati cumque omnis recusandae aspernatur. Tempora dolor quidem voluptates error reiciendis. Est et consequuntur facere ab earum quia n', 'Alias officiis ut tempora voluptate animi omnis.', '2018-12-22', 'NR');
INSERT INTO `header_info` (`id`, `header_id`, `header_type_id`, `poster`, `tagline`, `synopsis`, `release_date`, `rars`) VALUES (23, 56, 6, 101, 'Rerum omnis ad perferendis qui repellat voluptatem dolor. Impedit optio tempore explicabo sed. Sunt voluptatem aliquam aut aliquid.', 'Laudantium atque possimus maiores sequi magnam saepe qui.', '2021-02-14', '16+');
INSERT INTO `header_info` (`id`, `header_id`, `header_type_id`, `poster`, `tagline`, `synopsis`, `release_date`, `rars`) VALUES (24, 20, 3, 49, 'Alias et asperiores consequatur adipisci repudiandae delectus quidem. Velit ratione neque temporibus ea architecto culpa voluptatem. Neque quibusdam dolores amet nisi nobis. Saepe dolor ab et molestia', 'Consectetur incidunt aut dignissimos dolorem.', '1999-10-10', '16+');
INSERT INTO `header_info` (`id`, `header_id`, `header_type_id`, `poster`, `tagline`, `synopsis`, `release_date`, `rars`) VALUES (25, 73, 5, 62, 'Voluptatem consequatur iure velit dicta ad qui voluptatem. Soluta occaecati aut aut quod. Quod cumque totam possimus voluptas nostrum eos voluptatum.', 'Omnis quos id exercitationem quibusdam tempore.', '2005-07-15', '16+');
INSERT INTO `header_info` (`id`, `header_id`, `header_type_id`, `poster`, `tagline`, `synopsis`, `release_date`, `rars`) VALUES (26, 1, 5, 10, 'Voluptas est voluptates ut aut omnis. Nihil provident dolores unde accusantium tenetur cupiditate excepturi maiores.', 'Eum blanditiis quisquam placeat dolor hic autem consectetur tempore.', '1990-01-07', '6+');
INSERT INTO `header_info` (`id`, `header_id`, `header_type_id`, `poster`, `tagline`, `synopsis`, `release_date`, `rars`) VALUES (27, 85, 5, 61, 'Sit dolorum dolores occaecati ipsa quo. Vel delectus consequatur odit. Maxime voluptates enim facilis iusto soluta. Aut in et rerum. Id quasi soluta quod nisi quas officia.', 'Vero dolorem ipsum quo sunt ipsum mollitia.', '2001-08-08', 'NR');
INSERT INTO `header_info` (`id`, `header_id`, `header_type_id`, `poster`, `tagline`, `synopsis`, `release_date`, `rars`) VALUES (28, 99, 3, 129, 'Quasi neque velit voluptatem. Qui veniam ab nobis. Ullam molestiae aut ad. Voluptas quia natus voluptatibus facere.', 'Molestias mollitia aut dolorem.', '1987-10-09', '6+');
INSERT INTO `header_info` (`id`, `header_id`, `header_type_id`, `poster`, `tagline`, `synopsis`, `release_date`, `rars`) VALUES (29, 27, 2, 99, 'Suscipit reprehenderit consequuntur quo amet enim optio consequatur. Impedit corrupti quia cumque nisi et. Aut omnis veniam repellendus id reiciendis. Sit et dolorem sit eius incidunt.', 'Consequatur id esse beatae itaque.', '2012-03-17', '16+');
INSERT INTO `header_info` (`id`, `header_id`, `header_type_id`, `poster`, `tagline`, `synopsis`, `release_date`, `rars`) VALUES (30, 53, 1, 98, 'Hic doloribus ut ut repellendus. Corrupti non dolorem nemo dolor consequatur commodi. Eum maxime qui dolore dolor fuga voluptas. Vel consectetur quibusdam aut aut atque vel. Voluptatem libero sit aliq', 'Occaecati expedita et omnis tempora ea possimus.', '1983-01-01', '18+');
INSERT INTO `header_info` (`id`, `header_id`, `header_type_id`, `poster`, `tagline`, `synopsis`, `release_date`, `rars`) VALUES (31, 67, 1, 58, 'Voluptatem sint corporis asperiores numquam quo perferendis tempora deleniti. Cupiditate deserunt in eos quia velit. Sed dolorum non dolorem fugiat ab earum.', 'Ducimus dolor occaecati minus aut non quos et.', '2011-03-26', '6+');
INSERT INTO `header_info` (`id`, `header_id`, `header_type_id`, `poster`, `tagline`, `synopsis`, `release_date`, `rars`) VALUES (32, 99, 4, 68, 'Quam eos aut repudiandae eligendi quo voluptates. Id veritatis vel autem aut. Cupiditate recusandae est numquam quam autem. Maxime tempore recusandae tempora illum incidunt iusto.', 'Dolorum voluptas ipsum ducimus dolores dolores cumque quo qui.', '2007-12-08', 'NR');
INSERT INTO `header_info` (`id`, `header_id`, `header_type_id`, `poster`, `tagline`, `synopsis`, `release_date`, `rars`) VALUES (33, 50, 3, 18, 'Distinctio aliquid consequatur iusto voluptatibus sapiente illum. Dolor officiis voluptate impedit libero aut.', 'Incidunt quae cumque non et libero.', '1972-09-19', '18+');
INSERT INTO `header_info` (`id`, `header_id`, `header_type_id`, `poster`, `tagline`, `synopsis`, `release_date`, `rars`) VALUES (34, 12, 5, 91, 'Enim qui quo veritatis est autem fuga quaerat dolore. Aut ut voluptatem soluta quo cum unde. Earum ullam qui aperiam necessitatibus et doloribus est.', 'Et explicabo minima totam sit rerum iste.', '2000-05-04', '12+');
INSERT INTO `header_info` (`id`, `header_id`, `header_type_id`, `poster`, `tagline`, `synopsis`, `release_date`, `rars`) VALUES (35, 72, 4, 87, 'Error consequuntur maxime doloremque at rerum ea. Sunt vel alias laborum ducimus ducimus est minus. Est ut ut ea. Pariatur quia labore commodi doloribus excepturi.', 'Qui eaque excepturi qui mollitia.', '1986-09-18', '12+');
INSERT INTO `header_info` (`id`, `header_id`, `header_type_id`, `poster`, `tagline`, `synopsis`, `release_date`, `rars`) VALUES (36, 96, 2, 67, 'Dolores quae aliquam voluptatum accusamus molestiae atque. Et dolorum qui quae maxime. Blanditiis voluptatum accusantium qui qui qui.', 'Voluptate vitae dolorem cum fugit et.', '2002-10-19', '0+');
INSERT INTO `header_info` (`id`, `header_id`, `header_type_id`, `poster`, `tagline`, `synopsis`, `release_date`, `rars`) VALUES (37, 97, 3, 14, 'Et perspiciatis voluptatum quasi tenetur dolores. Omnis error nemo ea ut labore.', 'Et beatae sit accusamus.', '2019-10-05', '16+');
INSERT INTO `header_info` (`id`, `header_id`, `header_type_id`, `poster`, `tagline`, `synopsis`, `release_date`, `rars`) VALUES (38, 63, 3, 27, 'Omnis rerum iure et tempore. Voluptate itaque unde accusantium natus. Tenetur distinctio neque accusantium libero similique est.', 'Et dolore dolor molestiae quae in porro quia.', '2004-05-09', '12+');
INSERT INTO `header_info` (`id`, `header_id`, `header_type_id`, `poster`, `tagline`, `synopsis`, `release_date`, `rars`) VALUES (39, 43, 5, 61, 'Dolore odit maxime vitae ut qui. Dolorum fuga autem in ratione eaque enim. Voluptatem consequuntur placeat qui odio veritatis. Minus totam quas quo earum cumque consequatur est saepe.', 'Dolorem reprehenderit exercitationem ad et.', '1988-03-01', 'NR');
INSERT INTO `header_info` (`id`, `header_id`, `header_type_id`, `poster`, `tagline`, `synopsis`, `release_date`, `rars`) VALUES (40, 52, 3, 12, 'Corporis omnis non et voluptatem architecto perspiciatis. Sit numquam sit enim. Explicabo sit accusantium voluptatem officia quisquam eius enim accusantium.', 'In occaecati et earum.', '1982-10-02', '16+');
INSERT INTO `header_info` (`id`, `header_id`, `header_type_id`, `poster`, `tagline`, `synopsis`, `release_date`, `rars`) VALUES (41, 63, 2, 106, 'Est expedita porro maxime. Doloribus eum ut et quaerat ut rerum. Dolorum et corporis nam molestiae accusantium impedit.', 'Blanditiis est possimus hic minima dolorem similique.', '1971-08-29', '18+');
INSERT INTO `header_info` (`id`, `header_id`, `header_type_id`, `poster`, `tagline`, `synopsis`, `release_date`, `rars`) VALUES (42, 95, 6, 8, 'Eligendi corporis rem ullam esse saepe tenetur quia. Inventore exercitationem ex et ut at dolorem tenetur. Qui et a vero cupiditate nam. Esse accusantium eum nam dolor.', 'Laboriosam et molestiae est enim voluptate.', '1993-02-15', '16+');
INSERT INTO `header_info` (`id`, `header_id`, `header_type_id`, `poster`, `tagline`, `synopsis`, `release_date`, `rars`) VALUES (43, 38, 1, 120, 'Assumenda mollitia alias fugit atque qui quisquam. Quos perspiciatis aliquid sequi aut neque.', 'Ut explicabo consequuntur et maiores.', '2016-02-28', '18+');
INSERT INTO `header_info` (`id`, `header_id`, `header_type_id`, `poster`, `tagline`, `synopsis`, `release_date`, `rars`) VALUES (44, 21, 2, 15, 'Sit fugiat at a nisi. Alias quidem et similique consequuntur blanditiis voluptatibus. Fugit et natus ut libero consectetur quia. Accusantium at accusantium ab.', 'Et laboriosam consequatur possimus doloribus et modi.', '1978-12-01', '18+');
INSERT INTO `header_info` (`id`, `header_id`, `header_type_id`, `poster`, `tagline`, `synopsis`, `release_date`, `rars`) VALUES (45, 5, 1, 131, 'Blanditiis ratione rerum sed ut. Necessitatibus est doloremque reiciendis voluptates commodi et. Consectetur cupiditate est aut ducimus.', 'Odio autem non quae qui sed.', '2002-11-29', '16+');
INSERT INTO `header_info` (`id`, `header_id`, `header_type_id`, `poster`, `tagline`, `synopsis`, `release_date`, `rars`) VALUES (46, 21, 4, 34, 'Nesciunt asperiores vel voluptas necessitatibus qui consequuntur suscipit. Nulla sed voluptas aspernatur similique non sed. Repudiandae vel id consequatur porro voluptatum deserunt.', 'Sint porro illum voluptatibus qui quasi quia.', '2016-12-08', 'NR');
INSERT INTO `header_info` (`id`, `header_id`, `header_type_id`, `poster`, `tagline`, `synopsis`, `release_date`, `rars`) VALUES (47, 68, 6, 113, 'Eos fugit id numquam voluptatem. Ut qui ipsam deserunt enim et ratione consequatur. Expedita minus aut dolorem. Enim similique nisi omnis in non suscipit. Aperiam dignissimos ratione molestiae et odio', 'Maxime quibusdam id architecto vel.', '1999-12-07', '12+');
INSERT INTO `header_info` (`id`, `header_id`, `header_type_id`, `poster`, `tagline`, `synopsis`, `release_date`, `rars`) VALUES (48, 1, 2, 50, 'Omnis quam architecto laudantium. Ex enim mollitia autem quia. Quod et quod dolore voluptatibus similique suscipit. Quasi quia sequi repudiandae quia ipsum qui deleniti.', 'Quibusdam odit in maiores maiores.', '1975-05-29', '6+');
INSERT INTO `header_info` (`id`, `header_id`, `header_type_id`, `poster`, `tagline`, `synopsis`, `release_date`, `rars`) VALUES (49, 47, 2, 6, 'Ut quisquam mollitia illo animi. Quas quis eligendi earum eos. Autem dolor velit fugiat pariatur neque.', 'Iure modi qui neque facilis sed ad.', '1975-10-26', 'NR');
INSERT INTO `header_info` (`id`, `header_id`, `header_type_id`, `poster`, `tagline`, `synopsis`, `release_date`, `rars`) VALUES (50, 91, 5, 127, 'Quo ut dicta natus ea odit dolores optio sapiente. Aut est tempore nulla natus eos id. Voluptatem ratione nihil molestiae accusamus amet quisquam.', 'Facilis consequuntur iure autem cumque deserunt perferendis voluptatum excepturi.', '2002-01-18', '12+');
INSERT INTO `header_info` (`id`, `header_id`, `header_type_id`, `poster`, `tagline`, `synopsis`, `release_date`, `rars`) VALUES (51, 56, 5, 23, 'Sed aut dolor ea. Dolorem voluptas non aut aut minus sit. Corporis tempora qui sed voluptatem voluptatem qui occaecati.', 'Quos totam laboriosam fugit velit illum culpa atque.', '1973-06-06', '12+');
INSERT INTO `header_info` (`id`, `header_id`, `header_type_id`, `poster`, `tagline`, `synopsis`, `release_date`, `rars`) VALUES (52, 46, 4, 12, 'Beatae sit iste unde quas harum alias qui. Consequatur nobis aut excepturi qui. Eos consectetur rem dignissimos id ad cum libero. Fugiat et iste non sunt qui rerum nesciunt laboriosam. Qui quasi moles', 'Ipsam voluptas omnis quidem at expedita et est.', '1970-08-19', '6+');
INSERT INTO `header_info` (`id`, `header_id`, `header_type_id`, `poster`, `tagline`, `synopsis`, `release_date`, `rars`) VALUES (53, 90, 4, 13, 'Dolores maiores inventore sint quis optio. Autem fugit ipsa qui quo commodi ex. Voluptatum et autem possimus ut est nemo nulla. Dolor unde iure alias.', 'Aliquam explicabo iusto veritatis architecto dolorem velit ut.', '2000-12-20', '6+');
INSERT INTO `header_info` (`id`, `header_id`, `header_type_id`, `poster`, `tagline`, `synopsis`, `release_date`, `rars`) VALUES (54, 1, 4, 119, 'Qui quibusdam nihil iste consectetur et quis. Aut ut doloribus enim dolore recusandae eos. Consequatur velit ratione ipsum atque neque reiciendis deserunt.', 'Voluptatem et quo soluta est.', '2008-08-03', '12+');
INSERT INTO `header_info` (`id`, `header_id`, `header_type_id`, `poster`, `tagline`, `synopsis`, `release_date`, `rars`) VALUES (55, 83, 5, 43, 'Esse quo consequatur dignissimos distinctio voluptatibus debitis dignissimos. Non eum enim voluptas voluptas. Reprehenderit sit qui quibusdam est voluptatem ullam voluptatibus. Et temporibus magni qua', 'Modi enim autem nesciunt in.', '2002-07-23', '18+');
INSERT INTO `header_info` (`id`, `header_id`, `header_type_id`, `poster`, `tagline`, `synopsis`, `release_date`, `rars`) VALUES (56, 24, 1, 39, 'Voluptatem est earum et ut. Reiciendis qui velit et animi. Ut voluptas quia aspernatur at expedita unde.', 'Et quod enim atque expedita voluptates.', '2020-06-23', '6+');
INSERT INTO `header_info` (`id`, `header_id`, `header_type_id`, `poster`, `tagline`, `synopsis`, `release_date`, `rars`) VALUES (57, 35, 3, 46, 'Reiciendis iusto vel quo illum iste minus soluta sed. Molestiae velit dolore minus quibusdam. Provident incidunt facere enim ducimus voluptatem harum.', 'Sed ex earum quo est sit.', '2001-12-15', '12+');
INSERT INTO `header_info` (`id`, `header_id`, `header_type_id`, `poster`, `tagline`, `synopsis`, `release_date`, `rars`) VALUES (58, 54, 3, 125, 'Explicabo ut omnis maxime rerum. Ut ad eius pariatur aut. Non magni qui eligendi placeat itaque quasi. Consectetur quis ratione et aut sint accusamus ullam. Error rerum facere et quas dignissimos.', 'Reiciendis recusandae libero neque ipsam non blanditiis rerum.', '1984-01-05', '0+');
INSERT INTO `header_info` (`id`, `header_id`, `header_type_id`, `poster`, `tagline`, `synopsis`, `release_date`, `rars`) VALUES (59, 1, 6, 120, 'Sequi perferendis at vel sed sunt dolor officiis ut. Eveniet nulla laboriosam ea. Inventore non temporibus hic iusto a sed qui. Saepe quas molestias repellendus quia.', 'Sequi molestiae repudiandae voluptas nostrum assumenda voluptatem sint.', '2011-07-25', '18+');
INSERT INTO `header_info` (`id`, `header_id`, `header_type_id`, `poster`, `tagline`, `synopsis`, `release_date`, `rars`) VALUES (60, 34, 3, 1, 'Eum vel qui aut eveniet quo. Praesentium accusamus voluptatem facere. Molestiae illum quidem odit delectus quidem aut qui. Porro earum nihil maiores labore non. Qui repudiandae pariatur velit dolores ', 'Consequuntur officia ex aut voluptatem voluptas quasi.', '1991-12-14', '6+');
INSERT INTO `header_info` (`id`, `header_id`, `header_type_id`, `poster`, `tagline`, `synopsis`, `release_date`, `rars`) VALUES (61, 4, 2, 77, 'Consequuntur molestiae dolore rerum commodi. Tenetur sed voluptas at magni adipisci id ab. Quos corporis rerum voluptas voluptates officia qui.', 'Et neque vero autem quasi fugit vel molestiae.', '2002-03-03', 'NR');
INSERT INTO `header_info` (`id`, `header_id`, `header_type_id`, `poster`, `tagline`, `synopsis`, `release_date`, `rars`) VALUES (62, 84, 4, 16, 'Tempora ducimus placeat aliquid dolores voluptatem fuga. Neque sint possimus rerum autem. Quaerat beatae id et consequatur nam odit amet.', 'Recusandae et quam reiciendis adipisci.', '1984-06-04', '12+');
INSERT INTO `header_info` (`id`, `header_id`, `header_type_id`, `poster`, `tagline`, `synopsis`, `release_date`, `rars`) VALUES (63, 100, 5, 27, 'Voluptate illum eum sit quidem dolor sed neque. Qui enim sunt enim et. Nesciunt excepturi porro nihil voluptates qui sint est. Ad est pariatur blanditiis nihil.', 'Quisquam vitae ut ea modi ut laudantium.', '2007-04-14', '12+');
INSERT INTO `header_info` (`id`, `header_id`, `header_type_id`, `poster`, `tagline`, `synopsis`, `release_date`, `rars`) VALUES (64, 53, 4, 5, 'Accusantium nemo soluta excepturi excepturi. Dignissimos temporibus voluptatibus voluptatibus delectus. Illum pariatur qui aut.', 'Est voluptatem veritatis enim odio eius eum.', '1986-10-17', '12+');
INSERT INTO `header_info` (`id`, `header_id`, `header_type_id`, `poster`, `tagline`, `synopsis`, `release_date`, `rars`) VALUES (65, 2, 5, 74, 'Architecto impedit deleniti ut qui ipsam porro quia ratione. Aliquid iste voluptas nihil quis. Minus vel nihil aliquid hic ullam et quam. Et sed dolore iste aut.', 'Culpa iusto inventore voluptates molestiae aliquid architecto quia.', '2008-09-03', '6+');
INSERT INTO `header_info` (`id`, `header_id`, `header_type_id`, `poster`, `tagline`, `synopsis`, `release_date`, `rars`) VALUES (66, 70, 4, 42, 'Unde sit ut vel adipisci mollitia qui sint. Veniam reprehenderit dolorem quod totam. Porro perspiciatis neque libero necessitatibus impedit illo corporis.', 'Quos nam praesentium earum aut.', '2013-03-13', 'NR');
INSERT INTO `header_info` (`id`, `header_id`, `header_type_id`, `poster`, `tagline`, `synopsis`, `release_date`, `rars`) VALUES (67, 8, 3, 34, 'Autem qui aliquam architecto ut. Neque quia voluptatem nemo non ut aut earum. Quia doloremque voluptate quo non quas.', 'Rerum id odit nihil quisquam eum ad occaecati.', '1994-07-13', '0+');
INSERT INTO `header_info` (`id`, `header_id`, `header_type_id`, `poster`, `tagline`, `synopsis`, `release_date`, `rars`) VALUES (68, 74, 4, 93, 'Quae modi possimus rem. Praesentium velit fugit dolores non magni consequatur vel. Repudiandae sit et voluptate odio laborum eligendi.', 'Expedita quasi sunt eligendi.', '1971-08-21', '18+');
INSERT INTO `header_info` (`id`, `header_id`, `header_type_id`, `poster`, `tagline`, `synopsis`, `release_date`, `rars`) VALUES (69, 64, 2, 117, 'Quo rerum facilis culpa harum. Placeat assumenda velit ipsum vel. Ducimus consequatur eius sunt. Omnis mollitia occaecati dolor et molestiae aliquid reprehenderit.', 'Consequuntur sequi quibusdam dolorem numquam expedita saepe.', '2008-08-12', '12+');
INSERT INTO `header_info` (`id`, `header_id`, `header_type_id`, `poster`, `tagline`, `synopsis`, `release_date`, `rars`) VALUES (70, 90, 3, 5, 'Similique molestias ut quos nobis. Eos dolore facere aliquam beatae excepturi vel. Ad facere quia fuga rerum veritatis quidem. Quaerat ut sunt maiores ut sunt voluptate ut vitae.', 'Qui non dolores veniam nemo ex aut beatae.', '1979-02-20', '18+');
INSERT INTO `header_info` (`id`, `header_id`, `header_type_id`, `poster`, `tagline`, `synopsis`, `release_date`, `rars`) VALUES (71, 23, 4, 7, 'Est enim similique perferendis aspernatur qui. Aut est nostrum totam. Cumque architecto voluptatem voluptatem error est. Reiciendis molestias sapiente quae mollitia repellendus reprehenderit repudiand', 'Nam blanditiis voluptas et rerum quos sequi.', '1971-12-19', '18+');
INSERT INTO `header_info` (`id`, `header_id`, `header_type_id`, `poster`, `tagline`, `synopsis`, `release_date`, `rars`) VALUES (72, 27, 5, 56, 'Voluptatem dolor et et eligendi. Qui unde commodi et. Ut quaerat alias sit saepe voluptatibus eligendi quo eveniet. Est commodi similique deserunt voluptatem eos accusantium aliquam.', 'Sit nesciunt quidem rerum cum sit officiis.', '2014-02-12', 'NR');
INSERT INTO `header_info` (`id`, `header_id`, `header_type_id`, `poster`, `tagline`, `synopsis`, `release_date`, `rars`) VALUES (73, 79, 4, 45, 'Laudantium corporis eos animi sint placeat qui sit quo. Omnis aut culpa voluptates in in est fuga. Qui dolor cumque ut dolorem et.', 'Ut voluptatem laboriosam eius doloribus.', '1996-10-24', 'NR');
INSERT INTO `header_info` (`id`, `header_id`, `header_type_id`, `poster`, `tagline`, `synopsis`, `release_date`, `rars`) VALUES (74, 14, 4, 55, 'Deleniti facere nam non odit molestiae rerum mollitia. Labore ex ipsum facere enim eveniet. Officiis explicabo aut ipsam harum deleniti qui. Libero aperiam dolores optio aliquid ut repudiandae.', 'Et aut ea incidunt numquam delectus voluptates.', '1971-02-04', '0+');
INSERT INTO `header_info` (`id`, `header_id`, `header_type_id`, `poster`, `tagline`, `synopsis`, `release_date`, `rars`) VALUES (75, 37, 2, 62, 'Quia libero est eaque saepe saepe ex. Nostrum quos sunt enim consequatur doloribus repellendus possimus. Iure est quaerat illum.', 'Quod ipsa magni molestias laboriosam accusamus.', '1978-08-06', '12+');
INSERT INTO `header_info` (`id`, `header_id`, `header_type_id`, `poster`, `tagline`, `synopsis`, `release_date`, `rars`) VALUES (76, 67, 4, 121, 'Praesentium dolor odit iusto quia reprehenderit rerum qui. Omnis qui nostrum aliquid. Commodi quam aut ut enim. Illum corporis natus nulla fugit.', 'Tenetur atque totam est qui in.', '1972-03-20', '16+');
INSERT INTO `header_info` (`id`, `header_id`, `header_type_id`, `poster`, `tagline`, `synopsis`, `release_date`, `rars`) VALUES (77, 18, 5, 83, 'Eaque explicabo perspiciatis ut molestias. Sint molestias id qui voluptatibus tenetur. Earum dolorum cum veniam voluptates aut.', 'Ut sed eum quos nihil.', '1978-08-14', '12+');
INSERT INTO `header_info` (`id`, `header_id`, `header_type_id`, `poster`, `tagline`, `synopsis`, `release_date`, `rars`) VALUES (78, 48, 6, 30, 'Consequatur sit delectus dolor doloribus amet. Repudiandae qui natus ut similique sed cumque eos. Quia beatae a aut omnis laboriosam.', 'Voluptatem dolores et quasi qui.', '1981-09-02', 'NR');
INSERT INTO `header_info` (`id`, `header_id`, `header_type_id`, `poster`, `tagline`, `synopsis`, `release_date`, `rars`) VALUES (79, 80, 1, 14, 'Ut ullam ut quod libero voluptatem sed. Qui incidunt quo reprehenderit sint veniam optio ipsa. Tempore quasi rerum et culpa esse.', 'Quia incidunt aliquam facere et ut architecto.', '1989-01-04', '6+');
INSERT INTO `header_info` (`id`, `header_id`, `header_type_id`, `poster`, `tagline`, `synopsis`, `release_date`, `rars`) VALUES (80, 67, 3, 90, 'Sit natus recusandae autem aut consequuntur. Ab vel ut beatae quia explicabo quos beatae occaecati.', 'Et repudiandae accusamus ut et natus magnam.', '1978-05-24', '18+');
INSERT INTO `header_info` (`id`, `header_id`, `header_type_id`, `poster`, `tagline`, `synopsis`, `release_date`, `rars`) VALUES (81, 32, 3, 93, 'Consequatur eos provident illo quidem quis atque. Enim dolor necessitatibus nihil consectetur aliquid possimus praesentium. Omnis illo hic iusto error ea nemo. Autem repellat illo ea neque ut sed.', 'Quos fugiat non voluptas in.', '2012-08-22', '16+');
INSERT INTO `header_info` (`id`, `header_id`, `header_type_id`, `poster`, `tagline`, `synopsis`, `release_date`, `rars`) VALUES (82, 59, 6, 66, 'Praesentium et quam corrupti quas. Dignissimos maiores corrupti aut totam quod vitae. Sint numquam ratione rerum quos quas distinctio est. Laborum sit commodi temporibus delectus iste tempore reiciend', 'Quae totam amet omnis cupiditate.', '1986-07-22', '16+');
INSERT INTO `header_info` (`id`, `header_id`, `header_type_id`, `poster`, `tagline`, `synopsis`, `release_date`, `rars`) VALUES (83, 29, 5, 61, 'Esse perferendis ipsam sunt laboriosam consequuntur magnam eveniet. Est quidem aliquam rerum dolor repellat. Assumenda dolores et ut nostrum harum voluptatibus est soluta. Placeat ipsa eos cum est sun', 'Nemo in dolores repudiandae molestiae.', '1970-02-09', 'NR');
INSERT INTO `header_info` (`id`, `header_id`, `header_type_id`, `poster`, `tagline`, `synopsis`, `release_date`, `rars`) VALUES (84, 48, 4, 29, 'Ut corporis consequatur dicta ut quibusdam sequi ut. Est ipsa enim autem libero itaque adipisci omnis. Officiis tempore mollitia iste. Perferendis molestias odit eos porro vel velit.', 'Ut iusto earum omnis nihil.', '1983-01-23', '18+');
INSERT INTO `header_info` (`id`, `header_id`, `header_type_id`, `poster`, `tagline`, `synopsis`, `release_date`, `rars`) VALUES (85, 32, 1, 123, 'Aut incidunt et numquam ea nobis. Consectetur et saepe quo necessitatibus eos non. Dignissimos neque dolorum voluptatem et.', 'Molestiae impedit dolorem et occaecati placeat ut.', '2001-10-31', '16+');
INSERT INTO `header_info` (`id`, `header_id`, `header_type_id`, `poster`, `tagline`, `synopsis`, `release_date`, `rars`) VALUES (86, 93, 1, 51, 'Ducimus dolorum ad recusandae repudiandae sed omnis. Qui nam cum reprehenderit eum explicabo dolor omnis. Provident eos eum distinctio non. Similique iure laboriosam soluta ut in fugiat quasi. Aliquid', 'Nulla non quaerat inventore eum quo.', '2013-08-21', '12+');
INSERT INTO `header_info` (`id`, `header_id`, `header_type_id`, `poster`, `tagline`, `synopsis`, `release_date`, `rars`) VALUES (87, 74, 2, 16, 'Voluptatem enim quia amet est suscipit repellat est fugit. Vel itaque culpa distinctio qui temporibus corrupti harum dignissimos. Ut odit illo et quia.', 'Labore aliquid dolor id ipsam.', '1998-03-04', '6+');
INSERT INTO `header_info` (`id`, `header_id`, `header_type_id`, `poster`, `tagline`, `synopsis`, `release_date`, `rars`) VALUES (88, 50, 1, 148, 'Aut veniam labore voluptas culpa ut neque. Omnis aut inventore id nam aut eveniet fugiat animi. Asperiores non unde sunt. Voluptate aut ut iure voluptatem.', 'Quia et qui libero perferendis.', '1970-09-11', '12+');
INSERT INTO `header_info` (`id`, `header_id`, `header_type_id`, `poster`, `tagline`, `synopsis`, `release_date`, `rars`) VALUES (89, 92, 4, 41, 'Blanditiis cum voluptate ut quae esse id. Saepe qui debitis nisi ullam qui. Ea omnis repellat dicta et mollitia quas. Mollitia aut est et aut eum exercitationem quae.', 'Est reiciendis animi iste enim enim non.', '2002-05-15', '12+');
INSERT INTO `header_info` (`id`, `header_id`, `header_type_id`, `poster`, `tagline`, `synopsis`, `release_date`, `rars`) VALUES (90, 38, 5, 97, 'Optio fugiat necessitatibus ea ut omnis voluptates quam. Veniam ratione libero praesentium dolor ab quia.', 'Officiis omnis repudiandae ipsa sed distinctio.', '1992-11-07', '12+');
INSERT INTO `header_info` (`id`, `header_id`, `header_type_id`, `poster`, `tagline`, `synopsis`, `release_date`, `rars`) VALUES (91, 33, 4, 1, 'Molestias omnis impedit consequuntur sunt aut maxime. Et facere sed cumque dolor consequatur deserunt. Ut sunt quia magnam nisi labore praesentium.', 'Eligendi odio dignissimos cum velit ut ut.', '1990-06-30', '0+');
INSERT INTO `header_info` (`id`, `header_id`, `header_type_id`, `poster`, `tagline`, `synopsis`, `release_date`, `rars`) VALUES (92, 53, 3, 46, 'Dolor numquam ipsa earum porro inventore cumque modi quis. Omnis enim labore non quidem dolorem. Ea hic animi ipsa similique similique dignissimos. Et veniam accusamus necessitatibus. Dolor voluptatem', 'Esse facilis nulla recusandae voluptas.', '2011-12-11', '16+');
INSERT INTO `header_info` (`id`, `header_id`, `header_type_id`, `poster`, `tagline`, `synopsis`, `release_date`, `rars`) VALUES (93, 99, 3, 42, 'Voluptatem deleniti et et placeat. Error ipsam aut praesentium nihil voluptatem aut. A voluptatem voluptates sunt quisquam. Delectus ab quia repellat.', 'Veritatis exercitationem labore ducimus totam dolores dolor.', '1994-07-30', '0+');
INSERT INTO `header_info` (`id`, `header_id`, `header_type_id`, `poster`, `tagline`, `synopsis`, `release_date`, `rars`) VALUES (94, 28, 4, 131, 'Vero dolores sapiente est. Non nam aliquam laboriosam perspiciatis quia qui. Reiciendis et et voluptatem. Placeat explicabo vero et voluptatem.', 'Tempore nobis possimus modi ullam a ut ex dolore.', '2010-04-29', 'NR');
INSERT INTO `header_info` (`id`, `header_id`, `header_type_id`, `poster`, `tagline`, `synopsis`, `release_date`, `rars`) VALUES (95, 50, 2, 16, 'Ut labore et ipsum suscipit quia. Libero dignissimos maxime esse numquam veniam itaque eum. Laboriosam nisi velit fugiat voluptatibus aut iste. Qui eveniet ipsum dolore possimus est.', 'Repellat quibusdam aspernatur laudantium numquam ullam aut.', '2012-09-19', '0+');
INSERT INTO `header_info` (`id`, `header_id`, `header_type_id`, `poster`, `tagline`, `synopsis`, `release_date`, `rars`) VALUES (96, 2, 3, 62, 'Et reprehenderit sapiente inventore quia et. Et porro fugiat architecto suscipit officia pariatur sed. Vero consequatur sunt eum et accusantium. Minus optio rem necessitatibus inventore dolores.', 'Ratione sint quia aperiam quia corporis architecto.', '2019-10-13', '18+');
INSERT INTO `header_info` (`id`, `header_id`, `header_type_id`, `poster`, `tagline`, `synopsis`, `release_date`, `rars`) VALUES (97, 68, 1, 105, 'Aliquid accusamus aut sed quae sit quasi. Reprehenderit in hic aliquam eos aut qui laborum. Sunt in est autem. Quis iste harum ut.', 'Aut doloremque laboriosam aut necessitatibus quisquam aperiam.', '2012-09-12', '16+');
INSERT INTO `header_info` (`id`, `header_id`, `header_type_id`, `poster`, `tagline`, `synopsis`, `release_date`, `rars`) VALUES (98, 67, 3, 16, 'Qui molestias velit qui ea sed. Aperiam est inventore aliquid excepturi repellat. Laboriosam non explicabo aut illo adipisci est et.', 'Facere commodi nam aut.', '2010-08-10', 'NR');
INSERT INTO `header_info` (`id`, `header_id`, `header_type_id`, `poster`, `tagline`, `synopsis`, `release_date`, `rars`) VALUES (99, 63, 3, 93, 'Distinctio minus qui in est. Dolores minima laudantium quam aut corporis. Blanditiis pariatur quam soluta delectus aliquam consequatur. Architecto aperiam itaque sint dolor facilis.', 'Aut assumenda repudiandae quo possimus voluptatum.', '2020-08-04', '16+');
INSERT INTO `header_info` (`id`, `header_id`, `header_type_id`, `poster`, `tagline`, `synopsis`, `release_date`, `rars`) VALUES (100, 30, 1, 140, 'Vero aperiam dolores iste officia tempora magnam ut. Quia iste voluptas commodi sed velit sint culpa. Iure repellendus fuga numquam praesentium ex culpa explicabo.', 'Sed sit sit aliquam impedit laudantium perferendis.', '1983-12-06', '12+');


#
# TABLE STRUCTURE FOR: messages
#

DROP TABLE IF EXISTS `messages`;

CREATE TABLE `messages` (
  `id` int(10) unsigned NOT NULL AUTO_INCREMENT,
  `from_user_id` int(10) unsigned NOT NULL,
  `to_user_id` int(10) unsigned NOT NULL,
  `body` text COLLATE utf8mb4_unicode_ci NOT NULL,
  `created_at` timestamp NOT NULL DEFAULT current_timestamp(),
  PRIMARY KEY (`id`)
) ENGINE=InnoDB AUTO_INCREMENT=101 DEFAULT CHARSET=utf8mb4 COLLATE=utf8mb4_unicode_ci;

INSERT INTO `messages` (`id`, `from_user_id`, `to_user_id`, `body`, `created_at`) VALUES (1, 30, 87, 'Quam et qui cupiditate dolorum. Debitis ea mollitia voluptatibus at qui corporis illo ab. Sed dolorem voluptatem et fugit dolorum sit. Fugit est et quo ut quos alias.', '1992-03-07 04:12:26');
INSERT INTO `messages` (`id`, `from_user_id`, `to_user_id`, `body`, `created_at`) VALUES (2, 44, 24, 'Assumenda aspernatur inventore ut sint repellendus. Aspernatur qui officia modi beatae. Quae ipsam neque mollitia consequuntur quo. Ut porro est aut alias.', '1985-03-27 00:12:22');
INSERT INTO `messages` (`id`, `from_user_id`, `to_user_id`, `body`, `created_at`) VALUES (3, 68, 65, 'Qui velit quidem nulla. Soluta dolorem quo ex sed qui. Corrupti veniam sed error ad maxime labore eveniet. Id voluptas et beatae esse ab qui. Nihil autem cumque saepe amet quos excepturi.', '1981-08-20 23:39:46');
INSERT INTO `messages` (`id`, `from_user_id`, `to_user_id`, `body`, `created_at`) VALUES (4, 68, 93, 'Ducimus aperiam harum sapiente error nam autem nam ut. Aut ipsum quia ipsam ad. Eum quam unde quae sint. Quo porro est rem et consequatur.', '1972-05-12 16:47:17');
INSERT INTO `messages` (`id`, `from_user_id`, `to_user_id`, `body`, `created_at`) VALUES (5, 99, 31, 'Commodi dolorum et architecto sed sunt. Dolores corporis excepturi quo ipsum voluptates omnis. Ut soluta neque facere sed consequatur beatae quia.', '1977-08-14 17:31:12');
INSERT INTO `messages` (`id`, `from_user_id`, `to_user_id`, `body`, `created_at`) VALUES (6, 58, 10, 'Eum ratione placeat asperiores nobis distinctio consectetur. Pariatur est voluptatem fugiat accusamus sequi ipsum.', '2018-06-30 09:52:10');
INSERT INTO `messages` (`id`, `from_user_id`, `to_user_id`, `body`, `created_at`) VALUES (7, 84, 71, 'Blanditiis quo minima id aut ea aperiam ea enim. Doloribus officia ullam ipsum.', '2020-10-06 09:45:30');
INSERT INTO `messages` (`id`, `from_user_id`, `to_user_id`, `body`, `created_at`) VALUES (8, 6, 17, 'Quia sit nesciunt veritatis in. Nihil quia quisquam esse sit neque. Rerum quo magni odit iste iusto praesentium deserunt.', '1980-01-05 06:51:32');
INSERT INTO `messages` (`id`, `from_user_id`, `to_user_id`, `body`, `created_at`) VALUES (9, 62, 5, 'Consequatur molestiae ut voluptatem illo sint ullam ratione nihil. Rerum recusandae voluptate ad illo. Et aspernatur vel ut ipsum.', '2002-09-11 12:38:54');
INSERT INTO `messages` (`id`, `from_user_id`, `to_user_id`, `body`, `created_at`) VALUES (10, 37, 93, 'Ut sit at eaque repudiandae placeat. Ipsa sed praesentium dignissimos aliquam cumque recusandae at. Ipsam porro architecto a non eius laudantium.', '1975-10-15 21:39:22');
INSERT INTO `messages` (`id`, `from_user_id`, `to_user_id`, `body`, `created_at`) VALUES (11, 49, 67, 'Rerum quidem rerum laudantium quo. Dolores a et voluptatum harum voluptas eveniet nam rerum. Praesentium harum sit quos totam aut ducimus.', '2010-10-04 21:52:48');
INSERT INTO `messages` (`id`, `from_user_id`, `to_user_id`, `body`, `created_at`) VALUES (12, 22, 35, 'Ea fugit ad totam numquam incidunt modi unde. Vitae molestiae nam est aut.', '1977-06-17 09:46:29');
INSERT INTO `messages` (`id`, `from_user_id`, `to_user_id`, `body`, `created_at`) VALUES (13, 7, 83, 'Dolores aut non non officia distinctio. Enim dolorem numquam voluptatem voluptatem aliquam. Quae blanditiis dolorem ea totam numquam quaerat. Minima blanditiis eum in nesciunt voluptatum veritatis.', '1993-12-13 02:13:40');
INSERT INTO `messages` (`id`, `from_user_id`, `to_user_id`, `body`, `created_at`) VALUES (14, 23, 22, 'Temporibus optio corrupti libero in repellat iusto delectus. Expedita fugit tempora exercitationem aut officia blanditiis. Velit nostrum omnis praesentium.', '1981-03-04 23:57:44');
INSERT INTO `messages` (`id`, `from_user_id`, `to_user_id`, `body`, `created_at`) VALUES (15, 75, 49, 'Et animi ut error sit eligendi. At dolore eos architecto ea. Voluptatem architecto eaque nobis libero libero repudiandae quis.', '1974-10-18 15:02:24');
INSERT INTO `messages` (`id`, `from_user_id`, `to_user_id`, `body`, `created_at`) VALUES (16, 68, 68, 'Magni repellat dolor ratione rerum fugiat molestiae reprehenderit. Autem et minus repellendus tempore architecto ipsam fuga soluta. Ut labore quia nisi reprehenderit quod aliquam repellat.', '2015-07-12 08:31:32');
INSERT INTO `messages` (`id`, `from_user_id`, `to_user_id`, `body`, `created_at`) VALUES (17, 30, 88, 'Autem nostrum neque quas ut vero sunt fugiat. Cum vel cum consequuntur exercitationem enim modi. Eligendi aliquid ipsa laudantium unde iste odio ut dolorem.', '2012-03-18 13:58:49');
INSERT INTO `messages` (`id`, `from_user_id`, `to_user_id`, `body`, `created_at`) VALUES (18, 71, 92, 'Iure non totam magnam reiciendis. Occaecati earum sunt modi tempore est. Laudantium nihil officiis porro illo sit. Eum adipisci veniam inventore quisquam saepe.', '2020-12-09 13:37:46');
INSERT INTO `messages` (`id`, `from_user_id`, `to_user_id`, `body`, `created_at`) VALUES (19, 66, 30, 'Non perspiciatis tempore excepturi. Nam molestiae enim maxime id soluta. Id consectetur quaerat autem inventore.', '1997-06-13 09:30:32');
INSERT INTO `messages` (`id`, `from_user_id`, `to_user_id`, `body`, `created_at`) VALUES (20, 10, 76, 'Natus quia delectus odit ut. Culpa eos sit excepturi. Impedit officiis similique delectus reprehenderit quia quasi. Autem molestias consequuntur quo voluptatem vero aliquid possimus exercitationem.', '1997-11-03 07:24:44');
INSERT INTO `messages` (`id`, `from_user_id`, `to_user_id`, `body`, `created_at`) VALUES (21, 48, 76, 'Nobis rerum incidunt rem. Laudantium quis ipsum quo architecto ratione in. Voluptatem quia porro dolorem commodi. Distinctio et qui consequuntur consequatur illum rerum.', '1987-10-11 23:55:08');
INSERT INTO `messages` (`id`, `from_user_id`, `to_user_id`, `body`, `created_at`) VALUES (22, 90, 83, 'Accusantium sequi sed totam quia aliquam. Corrupti quis doloremque cupiditate voluptatem. Commodi nam quia eos sit. Natus dolor aut ab rerum.', '1972-10-16 16:29:38');
INSERT INTO `messages` (`id`, `from_user_id`, `to_user_id`, `body`, `created_at`) VALUES (23, 33, 16, 'Ad sed praesentium unde possimus. Aliquid qui et quibusdam amet asperiores voluptates fuga. Praesentium reprehenderit consequatur tempore ipsum vitae consequuntur qui quis.', '1994-02-19 04:41:09');
INSERT INTO `messages` (`id`, `from_user_id`, `to_user_id`, `body`, `created_at`) VALUES (24, 3, 47, 'Corrupti porro ducimus nemo fugit aliquam ex aperiam. Illum distinctio nobis consequuntur eos officiis. Voluptatem enim et nihil. Commodi deleniti culpa quis accusantium.', '1998-02-14 21:05:26');
INSERT INTO `messages` (`id`, `from_user_id`, `to_user_id`, `body`, `created_at`) VALUES (25, 90, 24, 'Pariatur consectetur omnis autem commodi exercitationem. Dolores assumenda sunt fugit dolores quod quos. Illum natus in et dignissimos doloremque sit rerum. Alias velit recusandae est et dolorem et.', '2000-04-27 18:51:19');
INSERT INTO `messages` (`id`, `from_user_id`, `to_user_id`, `body`, `created_at`) VALUES (26, 3, 47, 'Rerum rerum praesentium doloremque quaerat et quam. Libero voluptatibus magni eum commodi optio voluptate voluptatem. Cumque laborum eius dolore quis impedit et.', '1997-03-16 02:03:56');
INSERT INTO `messages` (`id`, `from_user_id`, `to_user_id`, `body`, `created_at`) VALUES (27, 79, 10, 'Aspernatur quisquam ex tempora rerum quae. Nesciunt delectus labore est nisi sit quo libero aliquam. Rerum ipsam odit soluta soluta.', '1998-04-23 03:36:47');
INSERT INTO `messages` (`id`, `from_user_id`, `to_user_id`, `body`, `created_at`) VALUES (28, 6, 10, 'Doloremque et natus qui. Aut sint dolores doloribus ut voluptates. Voluptatum et nihil nemo. Sit illo reprehenderit cum consequuntur illo.', '2013-01-08 14:05:08');
INSERT INTO `messages` (`id`, `from_user_id`, `to_user_id`, `body`, `created_at`) VALUES (29, 28, 27, 'Deleniti ea aut non vitae omnis. Labore aut ut et aut fugit delectus.', '1991-04-04 11:04:51');
INSERT INTO `messages` (`id`, `from_user_id`, `to_user_id`, `body`, `created_at`) VALUES (30, 52, 24, 'Veniam recusandae earum aut praesentium aperiam aut. Vel sed culpa recusandae quis illum et ipsum.', '2018-06-04 13:31:42');
INSERT INTO `messages` (`id`, `from_user_id`, `to_user_id`, `body`, `created_at`) VALUES (31, 84, 32, 'Adipisci omnis sint dolorum beatae omnis neque voluptatem. Labore sunt magnam natus.', '2010-09-08 09:20:23');
INSERT INTO `messages` (`id`, `from_user_id`, `to_user_id`, `body`, `created_at`) VALUES (32, 74, 53, 'Similique sint rerum qui unde. Explicabo aut nulla nesciunt quisquam aperiam error. Numquam molestias velit odio. Consectetur dolorem sed harum quam eos tempora ducimus.', '1985-07-21 01:36:14');
INSERT INTO `messages` (`id`, `from_user_id`, `to_user_id`, `body`, `created_at`) VALUES (33, 42, 83, 'Earum quis ipsa sed expedita et. Qui qui eaque architecto sit rerum. Quo exercitationem in molestiae delectus ipsa.', '1991-10-24 18:36:14');
INSERT INTO `messages` (`id`, `from_user_id`, `to_user_id`, `body`, `created_at`) VALUES (34, 37, 4, 'Quia qui maiores voluptatem quas. Est ducimus accusantium qui accusamus eligendi dolorem ad et. Dolorem fuga sed et qui eius dignissimos. Aut quisquam facilis ducimus quos vitae.', '1972-07-31 06:48:58');
INSERT INTO `messages` (`id`, `from_user_id`, `to_user_id`, `body`, `created_at`) VALUES (35, 52, 9, 'Qui magnam est praesentium et. Quia harum officiis eos ut voluptatem soluta. Nihil molestias quia et veniam in atque. Ut suscipit eos sit est eos magnam.', '2004-03-20 01:37:58');
INSERT INTO `messages` (`id`, `from_user_id`, `to_user_id`, `body`, `created_at`) VALUES (36, 75, 67, 'Nulla eveniet magnam nobis. Dolorum qui illo velit nisi quam.\nQui et ipsum et. Nisi numquam eaque occaecati beatae numquam alias. Animi magnam minima magnam perferendis.', '1970-06-18 04:27:19');
INSERT INTO `messages` (`id`, `from_user_id`, `to_user_id`, `body`, `created_at`) VALUES (37, 28, 92, 'Rerum enim rem enim qui illo. Veniam aut blanditiis eveniet. Voluptas sed occaecati qui quae a molestiae ut.', '2011-04-09 20:15:36');
INSERT INTO `messages` (`id`, `from_user_id`, `to_user_id`, `body`, `created_at`) VALUES (38, 69, 73, 'Reprehenderit dolorum sit repellendus corporis et et. Cumque illo at sunt suscipit. Ea saepe dolorem officiis dolorum odit. Consequatur eligendi ut quibusdam exercitationem quos.', '2008-10-10 20:26:21');
INSERT INTO `messages` (`id`, `from_user_id`, `to_user_id`, `body`, `created_at`) VALUES (39, 27, 58, 'Sapiente et aut neque ut. Ea aut omnis ad iusto accusantium fugiat. Neque vero suscipit commodi voluptate deleniti non libero nostrum.', '1987-02-13 00:15:04');
INSERT INTO `messages` (`id`, `from_user_id`, `to_user_id`, `body`, `created_at`) VALUES (40, 64, 34, 'Animi reprehenderit aut dignissimos et omnis. Doloribus mollitia illo corporis qui. Laboriosam dolores officia quia tenetur placeat nemo.', '2016-10-09 16:23:24');
INSERT INTO `messages` (`id`, `from_user_id`, `to_user_id`, `body`, `created_at`) VALUES (41, 99, 21, 'Ab quia similique vel libero. Eum officia sit cumque laudantium adipisci dolorem ab. Ipsa a quod id. Rerum qui voluptas ducimus vitae autem debitis.', '2017-11-07 11:32:25');
INSERT INTO `messages` (`id`, `from_user_id`, `to_user_id`, `body`, `created_at`) VALUES (42, 1, 40, 'Sequi qui quasi sit dolores ab voluptatem. Possimus iusto alias inventore exercitationem. Praesentium quod sint enim autem ut.', '2011-11-30 21:00:12');
INSERT INTO `messages` (`id`, `from_user_id`, `to_user_id`, `body`, `created_at`) VALUES (43, 84, 66, 'Accusantium possimus suscipit nemo qui facilis repudiandae sit. Et vel eos tempora nostrum earum dolores nulla qui.', '1998-09-24 15:39:14');
INSERT INTO `messages` (`id`, `from_user_id`, `to_user_id`, `body`, `created_at`) VALUES (44, 31, 13, 'Dolor blanditiis doloribus perferendis iste quas cum perferendis. Qui eius adipisci sunt vero. Quia doloribus sit consequuntur eos necessitatibus natus.', '2002-07-16 14:28:01');
INSERT INTO `messages` (`id`, `from_user_id`, `to_user_id`, `body`, `created_at`) VALUES (45, 100, 85, 'Sunt tempore fugiat perferendis voluptas repellat. Nam velit nesciunt nemo. Iusto repellat corporis quae rerum dolorum.', '2014-02-20 11:52:54');
INSERT INTO `messages` (`id`, `from_user_id`, `to_user_id`, `body`, `created_at`) VALUES (46, 65, 31, 'Voluptatem molestias laboriosam at. Dolor quia corporis consequatur. Asperiores sint est facere qui. Expedita corrupti itaque at qui atque deleniti.', '1998-12-14 03:15:48');
INSERT INTO `messages` (`id`, `from_user_id`, `to_user_id`, `body`, `created_at`) VALUES (47, 8, 9, 'Nostrum totam labore consectetur omnis animi ab modi. Maxime voluptatem optio ut dolor cupiditate nostrum.', '2004-01-30 14:11:16');
INSERT INTO `messages` (`id`, `from_user_id`, `to_user_id`, `body`, `created_at`) VALUES (48, 40, 18, 'Ut quibusdam velit consequatur assumenda dolorum. Dolores laboriosam tenetur dolorum expedita officia. Ex voluptatem aut consequatur dolorum mollitia aut est molestias. At blanditiis aut sit.', '2016-02-03 03:12:31');
INSERT INTO `messages` (`id`, `from_user_id`, `to_user_id`, `body`, `created_at`) VALUES (49, 73, 78, 'Ratione enim in praesentium. Suscipit ex dolorem culpa. Eaque et porro expedita qui.\nQui quis autem in perferendis quod voluptas. Voluptates officiis doloribus maiores quis harum vitae.', '2007-10-01 18:47:44');
INSERT INTO `messages` (`id`, `from_user_id`, `to_user_id`, `body`, `created_at`) VALUES (50, 31, 59, 'Aut quis laboriosam consectetur. Mollitia voluptas eum provident sunt non recusandae voluptas. Ab molestiae qui eligendi dolores. Beatae reiciendis aliquid alias dolorem rerum porro.', '1978-11-16 02:49:46');
INSERT INTO `messages` (`id`, `from_user_id`, `to_user_id`, `body`, `created_at`) VALUES (51, 64, 49, 'Deserunt voluptas ut dolores sapiente ea cumque. Minima voluptatem recusandae ea consequatur. Vel voluptatem perferendis unde veniam exercitationem.', '1985-01-16 02:03:41');
INSERT INTO `messages` (`id`, `from_user_id`, `to_user_id`, `body`, `created_at`) VALUES (52, 56, 21, 'Sunt aut accusantium sint laudantium ullam possimus nesciunt dolorem. Consequatur est quo magnam. Ut occaecati consequatur voluptatum eum. Enim alias nihil et aliquam.', '1979-02-28 11:37:36');
INSERT INTO `messages` (`id`, `from_user_id`, `to_user_id`, `body`, `created_at`) VALUES (53, 24, 87, 'Itaque voluptatem sit ullam in. Quo quas libero numquam id sunt sit harum. Ut ut dolor nam dolores. Numquam et non aperiam cumque asperiores vero consequatur.', '2016-02-08 23:10:56');
INSERT INTO `messages` (`id`, `from_user_id`, `to_user_id`, `body`, `created_at`) VALUES (54, 9, 86, 'Fugit cupiditate minus quae corporis et quo. Quis rerum hic ea velit. In nulla fuga repudiandae et.', '2006-11-22 20:24:24');
INSERT INTO `messages` (`id`, `from_user_id`, `to_user_id`, `body`, `created_at`) VALUES (55, 30, 78, 'Dolor rerum eum eum repellendus fugit cumque mollitia. Nam et aliquid quaerat qui iste. Velit saepe aut est et cumque. Quia dolores quae laboriosam quaerat commodi dolores laborum.', '1976-09-07 17:33:11');
INSERT INTO `messages` (`id`, `from_user_id`, `to_user_id`, `body`, `created_at`) VALUES (56, 38, 99, 'Iure et sed eligendi. Omnis culpa facere veritatis voluptate molestiae vitae. Velit officiis consectetur consequatur fuga ut ea dolor. Et mollitia doloribus dolore non autem tempore et culpa.', '2006-08-04 12:40:31');
INSERT INTO `messages` (`id`, `from_user_id`, `to_user_id`, `body`, `created_at`) VALUES (57, 72, 38, 'Dolores molestias quia occaecati sint. Necessitatibus molestiae aut ipsa et. Ratione corrupti rem molestiae ullam consequatur vero voluptate.', '2020-06-03 20:44:29');
INSERT INTO `messages` (`id`, `from_user_id`, `to_user_id`, `body`, `created_at`) VALUES (58, 72, 49, 'Et amet ducimus veritatis et dignissimos quidem sint. Repellat nihil incidunt dicta consequatur. Maxime quia perferendis totam. Enim ipsum et animi dolore laboriosam id error laboriosam.', '1989-02-04 17:27:03');
INSERT INTO `messages` (`id`, `from_user_id`, `to_user_id`, `body`, `created_at`) VALUES (59, 26, 31, 'Harum itaque repellendus porro sunt iure omnis dicta. Illum accusantium praesentium non provident sunt. Alias ea vero fugiat est consectetur sunt. Porro repudiandae in molestias laudantium.', '1999-08-01 09:07:09');
INSERT INTO `messages` (`id`, `from_user_id`, `to_user_id`, `body`, `created_at`) VALUES (60, 42, 12, 'Libero voluptate delectus voluptatem sed repudiandae harum iste. In itaque magni et.\nNostrum consequatur voluptatem error qui. Nesciunt dolore perspiciatis quo beatae. Fuga minus perspiciatis iure.', '1990-05-06 19:50:19');
INSERT INTO `messages` (`id`, `from_user_id`, `to_user_id`, `body`, `created_at`) VALUES (61, 5, 24, 'Necessitatibus autem culpa ea facilis minima necessitatibus et tempora. Beatae quia eaque exercitationem laborum molestiae. Sit unde aut suscipit suscipit.', '2010-09-15 08:53:36');
INSERT INTO `messages` (`id`, `from_user_id`, `to_user_id`, `body`, `created_at`) VALUES (62, 70, 90, 'Impedit blanditiis enim explicabo. Dolor nam blanditiis dolorum. Et earum animi voluptatibus voluptas.', '1981-10-23 19:11:52');
INSERT INTO `messages` (`id`, `from_user_id`, `to_user_id`, `body`, `created_at`) VALUES (63, 8, 10, 'Quo fugiat dicta amet dolores ab. Accusamus quia temporibus ducimus autem quia quam. Similique ad non dolore veniam nostrum consequatur voluptatibus consequatur.', '1974-08-16 20:06:55');
INSERT INTO `messages` (`id`, `from_user_id`, `to_user_id`, `body`, `created_at`) VALUES (64, 85, 29, 'Sed sint dolor occaecati non temporibus quidem enim. Similique facilis nostrum eveniet necessitatibus. Architecto veritatis pariatur hic iste vero et ut. Labore suscipit sequi autem vel magnam.', '2003-12-22 14:45:01');
INSERT INTO `messages` (`id`, `from_user_id`, `to_user_id`, `body`, `created_at`) VALUES (65, 97, 61, 'Eum impedit occaecati et minima et ipsa ut. Esse et cum qui reprehenderit suscipit quaerat. Est quibusdam sunt qui natus debitis esse et voluptas. Delectus error harum quis dignissimos.', '1996-12-21 22:34:05');
INSERT INTO `messages` (`id`, `from_user_id`, `to_user_id`, `body`, `created_at`) VALUES (66, 21, 75, 'Qui voluptatum laboriosam voluptas sed iusto consectetur ea. Similique ex et ipsum voluptatibus soluta. Molestias omnis non error quos at.', '1992-08-02 22:18:56');
INSERT INTO `messages` (`id`, `from_user_id`, `to_user_id`, `body`, `created_at`) VALUES (67, 5, 19, 'Tempora dolores blanditiis impedit magni inventore minima. Blanditiis ex nihil soluta fugiat asperiores.\nExcepturi aperiam molestias eum eum. Id quasi optio soluta magnam optio.', '1980-05-22 00:08:37');
INSERT INTO `messages` (`id`, `from_user_id`, `to_user_id`, `body`, `created_at`) VALUES (68, 84, 5, 'Debitis corrupti quia consequatur quia libero unde. Fugiat sequi rem voluptatibus et et autem. Atque numquam eveniet qui. Praesentium illo eum sit blanditiis optio.', '2008-10-03 17:17:46');
INSERT INTO `messages` (`id`, `from_user_id`, `to_user_id`, `body`, `created_at`) VALUES (69, 95, 46, 'Animi odit est mollitia totam consequatur libero. Corporis sed officia tempore eos laborum fugit in quas. Aperiam at at illo veritatis. Qui quisquam hic perferendis sequi.', '2015-09-16 21:01:31');
INSERT INTO `messages` (`id`, `from_user_id`, `to_user_id`, `body`, `created_at`) VALUES (70, 14, 93, 'Totam qui esse vitae neque. Culpa sint aut esse harum et. Ipsa et distinctio et officiis. Laboriosam alias qui eum totam blanditiis quia.', '1999-02-13 07:55:37');
INSERT INTO `messages` (`id`, `from_user_id`, `to_user_id`, `body`, `created_at`) VALUES (71, 19, 97, 'Quis quia et quidem libero nam error et. In recusandae est doloremque ut temporibus.', '2003-12-23 00:55:55');
INSERT INTO `messages` (`id`, `from_user_id`, `to_user_id`, `body`, `created_at`) VALUES (72, 97, 68, 'Placeat quae explicabo modi omnis natus. Deleniti possimus sequi temporibus magnam voluptas perferendis hic nam. Iste enim alias et suscipit explicabo mollitia.', '1977-05-28 13:49:53');
INSERT INTO `messages` (`id`, `from_user_id`, `to_user_id`, `body`, `created_at`) VALUES (73, 14, 35, 'Animi tempora quidem excepturi fugit est dolores. Omnis veritatis deserunt exercitationem unde. Repudiandae est earum consequuntur ducimus perspiciatis.', '1971-02-10 04:28:13');
INSERT INTO `messages` (`id`, `from_user_id`, `to_user_id`, `body`, `created_at`) VALUES (74, 47, 82, 'Est quia ea eveniet quo aperiam tenetur rerum. Autem doloribus consequatur qui. Non est enim non.', '1980-07-14 19:56:35');
INSERT INTO `messages` (`id`, `from_user_id`, `to_user_id`, `body`, `created_at`) VALUES (75, 62, 21, 'Beatae hic qui iure et autem dicta aliquam. Accusamus quis facere ut ipsa voluptatem laudantium quia. In minima in et hic quia.', '1973-01-08 16:10:42');
INSERT INTO `messages` (`id`, `from_user_id`, `to_user_id`, `body`, `created_at`) VALUES (76, 29, 28, 'Voluptatem sed suscipit debitis qui ab. Aut ipsum sit error fugit ut in. Rerum quam officia asperiores est deleniti et.', '2016-04-03 06:42:25');
INSERT INTO `messages` (`id`, `from_user_id`, `to_user_id`, `body`, `created_at`) VALUES (77, 49, 56, 'Vel sit et sit esse expedita molestiae aut. Omnis culpa maiores dolor dolores non rerum provident eos. Beatae magni ab autem facere accusantium voluptatibus.', '1982-04-30 00:53:17');
INSERT INTO `messages` (`id`, `from_user_id`, `to_user_id`, `body`, `created_at`) VALUES (78, 15, 27, 'Magni vel cum molestias nulla iure et. Incidunt veniam et ipsa voluptates qui. Nobis ab perspiciatis sit assumenda quisquam ea ducimus.', '2018-04-16 22:54:38');
INSERT INTO `messages` (`id`, `from_user_id`, `to_user_id`, `body`, `created_at`) VALUES (79, 31, 70, 'Iure et maxime dolorum distinctio. Consequatur qui ea omnis. Illum eligendi ab iure culpa.', '1982-05-04 14:12:53');
INSERT INTO `messages` (`id`, `from_user_id`, `to_user_id`, `body`, `created_at`) VALUES (80, 32, 5, 'Pariatur vel odit voluptatum accusamus dignissimos mollitia sit. Quia aut eveniet perferendis quia ullam aspernatur sunt aut. Excepturi sed molestiae provident deserunt inventore qui dolor vel.', '1993-05-19 16:42:32');
INSERT INTO `messages` (`id`, `from_user_id`, `to_user_id`, `body`, `created_at`) VALUES (81, 46, 69, 'Id libero quo aspernatur. Dolores expedita doloribus id unde consequatur excepturi rerum. Harum quo labore delectus doloremque molestiae. Sed corporis qui in excepturi iure.', '2013-12-18 05:31:53');
INSERT INTO `messages` (`id`, `from_user_id`, `to_user_id`, `body`, `created_at`) VALUES (82, 58, 43, 'Ut dolor totam omnis velit. Explicabo quod dolorem mollitia fuga enim est.', '2012-10-28 17:37:39');
INSERT INTO `messages` (`id`, `from_user_id`, `to_user_id`, `body`, `created_at`) VALUES (83, 52, 11, 'Ullam asperiores consectetur sint incidunt. Dolores similique pariatur in consequatur veniam qui eligendi. Et libero dolores labore soluta quam.', '1978-12-06 04:08:51');
INSERT INTO `messages` (`id`, `from_user_id`, `to_user_id`, `body`, `created_at`) VALUES (84, 18, 90, 'Totam voluptas distinctio laudantium beatae ut autem. Dolores quibusdam animi rem explicabo consequuntur non perspiciatis ipsam. Ut sint voluptatibus sed exercitationem qui.', '1989-08-05 15:39:27');
INSERT INTO `messages` (`id`, `from_user_id`, `to_user_id`, `body`, `created_at`) VALUES (85, 73, 44, 'Et eum accusantium maxime et alias cumque. Quaerat ut nesciunt sint aliquam laboriosam earum aliquam est. Provident suscipit ut qui voluptas. Iste in sit autem quas distinctio molestiae atque.', '1984-05-26 20:16:07');
INSERT INTO `messages` (`id`, `from_user_id`, `to_user_id`, `body`, `created_at`) VALUES (86, 21, 12, 'Et vitae repudiandae culpa quo. Corrupti saepe voluptate ut sed sit. Inventore ut voluptas laudantium dicta molestiae.', '2004-05-24 05:10:42');
INSERT INTO `messages` (`id`, `from_user_id`, `to_user_id`, `body`, `created_at`) VALUES (87, 71, 40, 'Molestiae ex nesciunt atque deserunt numquam. Aspernatur molestiae sunt quisquam et. Beatae magnam sint tempore velit aut est magni.', '2005-08-29 08:27:35');
INSERT INTO `messages` (`id`, `from_user_id`, `to_user_id`, `body`, `created_at`) VALUES (88, 78, 75, 'Maiores perferendis necessitatibus voluptatibus quam. Quia similique consequuntur commodi voluptatum vel dicta ab ipsam. Eligendi omnis sit autem accusamus amet.', '2015-01-26 15:12:57');
INSERT INTO `messages` (`id`, `from_user_id`, `to_user_id`, `body`, `created_at`) VALUES (89, 73, 55, 'Voluptatibus et et assumenda at. Eveniet blanditiis aut explicabo. Hic quasi sunt est quo voluptate non temporibus.', '1994-09-25 03:07:58');
INSERT INTO `messages` (`id`, `from_user_id`, `to_user_id`, `body`, `created_at`) VALUES (90, 62, 32, 'Officia dolores animi quidem voluptatem. Et minima ut odio nam sed aliquid recusandae. Atque et laboriosam nihil vitae et voluptas. Nisi qui esse magnam.', '2003-07-04 23:24:21');
INSERT INTO `messages` (`id`, `from_user_id`, `to_user_id`, `body`, `created_at`) VALUES (91, 91, 86, 'Nulla est nihil ducimus illum qui inventore. In vel molestiae molestiae quo voluptate quo velit. Aperiam omnis nulla quos.', '1986-07-16 21:53:46');
INSERT INTO `messages` (`id`, `from_user_id`, `to_user_id`, `body`, `created_at`) VALUES (92, 55, 19, 'Culpa molestias et facere architecto. Sit blanditiis quam qui vel suscipit rerum voluptates. Vel deserunt quo minus ut veniam maiores.', '2015-12-11 16:42:06');
INSERT INTO `messages` (`id`, `from_user_id`, `to_user_id`, `body`, `created_at`) VALUES (93, 38, 29, 'Veritatis optio a necessitatibus ea ut. Architecto incidunt quia ullam et. Eligendi dolores quaerat molestiae quod. Soluta laudantium numquam optio officia nihil consectetur saepe.', '1999-07-19 12:40:04');
INSERT INTO `messages` (`id`, `from_user_id`, `to_user_id`, `body`, `created_at`) VALUES (94, 98, 41, 'Eum officiis ut similique qui. Voluptates nihil itaque facere dolorem dolor perspiciatis omnis. Et qui corrupti qui. Qui ab esse totam sit ut ipsum.', '2007-10-15 08:09:50');
INSERT INTO `messages` (`id`, `from_user_id`, `to_user_id`, `body`, `created_at`) VALUES (95, 86, 41, 'Voluptatibus in totam mollitia et reiciendis cupiditate nesciunt. Velit at rerum sapiente qui. Expedita ut consequuntur neque dignissimos officia unde quo. Impedit ut consequuntur quia.', '1970-01-28 10:29:20');
INSERT INTO `messages` (`id`, `from_user_id`, `to_user_id`, `body`, `created_at`) VALUES (96, 73, 55, 'Voluptates enim rerum doloremque error similique quasi est. Voluptas aut reiciendis perspiciatis libero.', '2014-07-11 07:56:15');
INSERT INTO `messages` (`id`, `from_user_id`, `to_user_id`, `body`, `created_at`) VALUES (97, 27, 12, 'Nesciunt eligendi optio aut deleniti. Consequatur aut quo natus omnis aliquid labore.', '1973-07-04 04:14:32');
INSERT INTO `messages` (`id`, `from_user_id`, `to_user_id`, `body`, `created_at`) VALUES (98, 35, 65, 'Qui error quaerat est tenetur sint aut minima. Voluptatem in numquam ut quidem earum voluptatibus labore. Repellendus natus laboriosam quam ipsam. Enim necessitatibus voluptatem voluptas.', '2006-12-09 15:20:06');
INSERT INTO `messages` (`id`, `from_user_id`, `to_user_id`, `body`, `created_at`) VALUES (99, 36, 81, 'Voluptatem magnam iure illum adipisci nisi quis fuga ducimus. Voluptatem eum nisi quia eum. Sit perspiciatis voluptatibus ipsa similique. In laboriosam est quia est totam id at.', '1974-09-28 03:03:04');
INSERT INTO `messages` (`id`, `from_user_id`, `to_user_id`, `body`, `created_at`) VALUES (100, 86, 93, 'Consequatur aut rerum cumque et iste. Voluptas repellat est voluptatum laboriosam unde nesciunt iste corrupti.', '1992-05-09 13:49:00');


